image,method,tp,fp,fn,tn,iou,dice,precision,recall,specificity,accuracy
111212-1,Otsu,1166,8915,22,55433,0.11541126398975145,0.2069393912573703,0.11566312866664355,0.9814814814830403,0.8614564555233085,0.8636322021486456
111212-1,Adaptive,1138,21836,50,42512,0.049426685202182824,0.09419750021068538,0.04953425611974609,0.9579124579160007,0.660657673898706,0.6660461425786346
111212-1,Canny,899,15353,289,48995,0.05434979747866302,0.10309633028037216,0.05531626877273371,0.7567340067544835,0.7614067259281385,0.7613220214847392
111212-1,Blackhat,1167,8035,21,56313,0.12653149735306807,0.22463907604211125,0.12682025647547468,0.9823232323247203,0.8751320942377772,0.8770751953126875
111212-1,UNet_no_TAFE,1177,1855,11,62493,0.386789352632705,0.5578199052237484,0.38819261215738154,0.9907407407415202,0.9711723752098416,0.9715270996094184
111212-1,TAFE_channel,1106,684,82,63664,0.5908119658338241,0.7427803895318073,0.6178770949934147,0.930976430982241,0.9893702989992084,0.9883117675781429
111212-1,TAFE_spatial,1145,963,43,63385,0.5323105532527983,0.6947815534073185,0.5431688804770793,0.9638047138077606,0.9850344999067803,0.9846496582031484
111212-1,TAFE_full,1074,422,114,63926,0.6670807453622931,0.800298062600585,0.7179144385215298,0.9040404040484814,0.9934419096164707,0.9918212890625124
11125-1,Otsu,2862,20044,35,42595,0.1247548058100137,0.22183467039018007,0.12494542914902232,0.9879185364174001,0.6800076629580932,0.69361877441453
11125-1,Adaptive,2809,19173,88,43466,0.12727684640177944,0.22581293460659263,0.12778637067087714,0.9696237487066061,0.6939127380710198,0.7061004638676359
11125-1,Canny,2570,9541,327,53098,0.20662485930851723,0.34248400853316574,0.21220378169257528,0.8871246116711382,0.8476827535563344,0.8494262695314797
11125-1,Blackhat,2803,5806,94,56833,0.32207284845085515,0.4872240570181885,0.3255894993689674,0.9675526406638746,0.9073101422437981,0.9099731445313873
11125-1,UNet_no_TAFE,2387,779,510,61860,0.6493471164404421,0.7873989774074319,0.7539481996287445,0.8239558163678303,0.9875636584236857,0.9803314208984675
11125-1,TAFE_channel,1938,211,959,62428,0.6235521235642358,0.7681331747965094,0.9018147975848388,0.6689678978367634,0.9966314915627698,0.9821472167969022
11125-1,TAFE_spatial,2181,288,716,62351,0.6847723704965535,0.8128960119304343,0.8833535844518691,0.7528477735673853,0.9954022254506052,0.9846801757812734
11125-1,TAFE_full,1876,134,1021,62505,0.6189376443543736,0.7646219686210592,0.9333333333366501,0.6475664480618721,0.9978607576749343,0.9823760986328394
11125-2,Otsu,2913,21077,47,41499,0.1211881682442851,0.21617810760958744,0.1214255940011612,0.9841216216221581,0.6631775760680402,0.6776733398442418
11125-2,Adaptive,2874,17969,86,44607,0.137321420043302,0.24148216611670173,0.13788801996287536,0.9709459459469275,0.7128451802612618,0.7245025634769828
11125-2,Canny,2165,4075,795,58501,0.30774697939861057,0.4706521739187972,0.34695512821559366,0.7314189189279926,0.9348791869088231,0.9256896972657384
11125-2,Blackhat,2663,1074,297,61502,0.660138820038172,0.7952814693176754,0.7126036928094032,0.899662162165552,0.9828368703656628,0.9790802001953445
11125-2,UNet_no_TAFE,2081,284,879,62292,0.6414919852145039,0.7815962441355568,0.879915433408883,0.703040540550573,0.9954615187931548,0.9822540283203396
11125-2,TAFE_channel,1932,136,1028,62440,0.6240310077640817,0.768496420052337,0.9342359767923485,0.6527027027144358,0.9978266428023558,0.9822387695312771
11125-2,TAFE_spatial,1945,121,1015,62455,0.631288542692915,0.7739753282973741,0.9414327202351679,0.6570945946061792,0.9980663513168019,0.9826660156250264
11125-2,TAFE_full,1824,67,1136,62509,0.6025768087346358,0.7520098948721499,0.964569011107109,0.616216216229182,0.9989293019688077,0.9816436767578405
11125-3,Otsu,2661,16501,88,46286,0.13823376623824293,0.24289169823721923,0.13886859409696864,0.9679883594045839,0.7371908197561005,0.7468719482425737
11125-3,Adaptive,2689,16566,60,46221,0.13921822418255644,0.24441010725666054,0.13965203843604437,0.9781738814122163,0.7361555736064215,0.7463073730472621
11125-3,Canny,2272,5170,477,57617,0.2869049122453983,0.44588362280987254,0.30529427574166496,0.8264823572271196,0.9176581139409151,0.913833618164194
11125-3,Blackhat,2476,3548,273,59239,0.39320311260293467,0.5644591359903742,0.4110225763709989,0.9006911604255842,0.9434914870913669,0.9416961669922764
11125-3,UNet_no_TAFE,1820,781,929,62006,0.5155807365576324,0.6803738317816752,0.6997308727527978,0.6620589305324824,0.9875611193400106,0.9739074707031649
11125-3,TAFE_channel,1622,401,1127,62386,0.5149206349360343,0.6797988264945558,0.8017795353533476,0.5900327391927962,0.9936133275996725,0.9766845703125355
11125-3,TAFE_spatial,1739,456,1010,62331,0.5425897036024153,0.7034789644072921,0.7922551252942026,0.6325936704389745,0.9927373500884057,0.9776306152344091
11125-3,TAFE_full,1608,318,1141,62469,0.5242908379679071,0.6879144385093494,0.8348909657406599,0.58493997818898,0.9949352572984934,0.9777374267578465
11129,Otsu,2056,22908,15,40557,0.0823091396810028,0.15209913075956316,0.0823585963824613,0.9927571221635559,0.6390451429927692,0.6502227783208462
11129,Adaptive,2006,21127,65,42338,0.08647297181185243,0.15918108237121414,0.08671594691960959,0.9686141960420757,0.6671078547236002,0.6766357421879934
11129,Canny,1803,13156,268,50309,0.1184080908969698,0.2117439812142587,0.12052944716143774,0.8705939159888657,0.792704640353277,0.7951660156253125
11129,Blackhat,2031,11186,40,52279,0.15320208192537374,0.26569858713196165,0.15366573353140905,0.9806856591028159,0.8237453714648645,0.8287048339846363
11129,UNet_no_TAFE,1363,353,708,63112,0.5622937293909945,0.719831000799582,0.7942890443010321,0.658136166119839,0.9944378791459947,0.9838104248047123
11129,TAFE_channel,1231,152,840,63313,0.5537561853552068,0.7127967573910597,0.8900939985618154,0.594398841159131,0.9976049791223547,0.9848632812500231
11129,TAFE_spatial,1246,152,825,63313,0.5605038236814889,0.7183626405385309,0.8912732475042008,0.6016417189955751,0.9976049791223547,0.9850921630859603
11129,TAFE_full,1130,95,941,63370,0.5216989843249448,0.6856796116600219,0.9224489795981674,0.5456301303937408,0.9985031119514717,0.9841918945312741
11142-1,Otsu,1457,27484,2,36593,0.05034032408855219,0.09585526316086888,0.050343802912648686,0.9986291980809713,0.5710785461248638,0.5805969238287649
11142-1,Adaptive,1446,24932,13,39145,0.05479140616477287,0.10389050544561593,0.05481840928404421,0.9910897875263133,0.6109056291655182,0.6193695068365183
11142-1,Canny,1405,34261,54,29816,0.03933370660963233,0.07569023569272541,0.039393259689790294,0.9629883481862243,0.46531516768970876,0.47639465332111147
11142-1,Blackhat,1458,22219,1,41858,0.06157614663796952,0.11600891152484082,0.06157874731147705,0.9993145990404856,0.6532453142318566,0.6609497070317674
11142-1,UNet_no_TAFE,1362,1407,97,62670,0.4752267969478288,0.6442762535561902,0.4918743228785889,0.9335161069271065,0.9780420431668492,0.977050781250035
11142-1,TAFE_channel,1011,146,448,63931,0.6299065420791335,0.7729357798251937,0.8738115816876566,0.692940370137564,0.9977214913307463,0.9909362792968889
11142-1,TAFE_spatial,1213,403,246,63674,0.6514500537244119,0.7889430894377579,0.7506188118966202,0.831391363959466,0.9937106918239091,0.9900970458984526
11142-1,TAFE_full,1035,153,424,63924,0.6420595533720806,0.7820173781721943,0.871212121222962,0.7093899931659089,0.9976122477644122,0.9911956787109509
11142-2,Otsu,1375,25544,2,38615,0.051075368674822354,0.09718688154121717,0.05107916341969955,0.9985475671751236,0.6018641188304028,0.6101989746099697
11142-2,Adaptive,1372,24400,5,39759,0.05322574388387623,0.10107186268701951,0.053236070157328744,0.9963689179378091,0.6196948206804662,0.6276092529302557
11142-2,Canny,1322,31548,55,32611,0.040151860291449806,0.07720384267504539,0.040219044724550596,0.9600580973159,0.508284106673252,0.5177764892585484
11142-2,Blackhat,1375,20610,2,43549,0.06253695365869588,0.11771252461639536,0.06254264271520335,0.9985475671751236,0.6787668136977216,0.68548583984423
11142-2,UNet_no_TAFE,1274,1139,103,63020,0.5063593004965676,0.6722955145205199,0.5279734770191474,0.9251997095188671,0.9822472295391415,0.9810485839844039
11142-2,TAFE_channel,1012,198,365,63961,0.6425396825623784,0.7823734054973958,0.8363636363771599,0.7349310094600631,0.996913916987489,0.9914093017578256
11142-2,TAFE_spatial,1136,364,241,63795,0.652498564063613,0.7897115050472815,0.7573333333495111,0.8249818446023979,0.9943265948658889,0.9907684326172016
11142-2,TAFE_full,978,196,399,63963,0.621741894493214,0.7667581340742158,0.8330494037620911,0.7102396514371648,0.996945089543171,0.9909210205078264
11169-1,Otsu,1599,27854,36,36047,0.0542236088064898,0.10286927432095062,0.05428988558362717,0.9779816513774935,0.5641069779822474,0.5744323730475244
11169-1,Adaptive,1550,23006,85,40895,0.06290329126633293,0.11836126914161978,0.06312102948744454,0.9480122324190818,0.6399743353004804,0.6476593017583502
11169-1,Canny,1192,32344,443,31557,0.035080490894272696,0.06778311677499137,0.03554389313264688,0.7290519877841558,0.4938420369016231,0.4997100830085759
11169-1,Blackhat,1622,14649,13,49252,0.09960697617845979,0.18116832347156722,0.09968655891402073,0.9920489296640949,0.7707547612717004,0.7762756347659664
11169-1,UNet_no_TAFE,1620,1891,15,62010,0.4594441293403448,0.6296152351412823,0.46140700656618044,0.9908256880739557,0.9704073488678262,0.9709167480469194
11169-1,TAFE_channel,1447,349,188,63552,0.7293346774329973,0.8434858641841012,0.8056792873159422,0.8850152905269104,0.9945384266286998,0.99180603027345
11169-1,TAFE_spatial,1564,1125,71,62776,0.5666666666823672,0.7234042553255456,0.5816288583271987,0.9565749235500566,0.9823946417114249,0.9817504882812779
11169-1,TAFE_full,1361,195,274,63706,0.7437158470085401,0.8530241303712621,0.8746786632471286,0.8324159021509225,0.9969484045633137,0.9928436279296984
11169-2,Otsu,1919,23347,45,40225,0.07581683853235424,0.14094748439536925,0.07595187208471482,0.977087576375912,0.6327471213747676,0.6430664062505447
11169-2,Adaptive,1842,24284,122,39288,0.07017677537690424,0.1311498754035915,0.07050447830103918,0.9378818737302504,0.6180079280192254,0.6275939941411932
11169-2,Canny,1300,40517,664,23055,0.030601916153031705,0.059386491859346774,0.031087835093308733,0.6619144603023466,0.3626596614871914,0.37162780761814634
11169-2,Blackhat,1912,12086,52,51486,0.1360854092588179,0.23956897632352103,0.13659094156924853,0.9735234215899428,0.8098848549678949,0.8147888183596577
11169-2,UNet_no_TAFE,1948,1843,16,61729,0.5116889939713242,0.6769765421428848,0.5138485887756833,0.9918533604892131,0.9710092493551076,0.9716339111328558
11169-2,TAFE_channel,1725,229,239,63343,0.7865937072600734,0.8805513016875817,0.8828045035883928,0.8783095723076217,0.9963977851884535,0.9928588867187609
11169-2,TAFE_spatial,1875,773,89,62799,0.6850566313596984,0.8130962706024915,0.7080815710080031,0.9546843177212483,0.9878405587365698,0.9868469238281451
11169-2,TAFE_full,1627,106,337,63466,0.78599033817459,0.8801731133383778,0.938834391232612,0.8284114053040523,0.9983325992575374,0.9932403564453228
11171,Otsu,1336,4733,429,59038,0.20560172361948906,0.34107735512712434,0.22013511288152687,0.7569405099287853,0.9257813112544483,0.9212341308594952
11171,Adaptive,1640,16691,125,47080,0.08885999133566938,0.16321656051371805,0.0894659320326798,0.92917847025897,0.7382666102150848,0.7434082031253916
11171,Canny,1375,4498,390,59273,0.2195433498448101,0.3600418957926153,0.234122254397512,0.7790368272079866,0.9294663718619287,0.9254150390626138
11171,Blackhat,1653,2734,112,61037,0.36741498112097326,0.5373862158722792,0.3767950763761843,0.9365439093520371,0.9571278480814835,0.9565734863281913
11171,UNet_no_TAFE,1061,2612,704,61159,0.24240347271550372,0.39021699155222106,0.28886468828508405,0.6011331444985194,0.9590409433755798,0.9494018554688272
11171,TAFE_channel,784,851,981,62920,0.29969418962921657,0.46117647060408307,0.4795107033957485,0.444192634592397,0.9866553762682306,0.9720458984375426
11171,TAFE_spatial,933,1968,832,61803,0.24993302975489062,0.39991427348049907,0.32161323683827603,0.5286118980437047,0.9691395775509728,0.9572753906250652
11171,TAFE_full,725,780,1040,62991,0.28487229865285374,0.4434250764696201,0.48172757478526723,0.41076487255463084,0.9877687350049588,0.9722290039062924
11174,Otsu,1377,33498,36,30625,0.03944315545518764,0.07589285714540372,0.039483870970496104,0.9745222929954337,0.47759774184071613,0.48831176757890576
11174,Adaptive,1368,21631,45,42492,0.05936469363366011,0.11207602818649812,0.05948084699743693,0.9681528662442921,0.6626639427355822,0.6692504882817547
11174,Canny,1289,10894,124,53229,0.10473714147148178,0.18961459253317434,0.10580316835667895,0.9122434536509382,0.8301077616458523,0.8318786621096316
11174,Blackhat,1365,10595,48,53528,0.1136742171959221,0.2041426755462189,0.11413043479001563,0.9660297239939115,0.834770675109033,0.8376007080080603
11174,UNet_no_TAFE,1237,1979,176,62144,0.36468160379231485,0.5344566861193679,0.38463930350172143,0.8754423213110091,0.9691374389844999,0.9671173095703627
11174,TAFE_channel,439,11,974,64112,0.30828651690250797,0.47128287710835837,0.9755555555609876,0.31068648270978866,0.9998284546886456,0.9849700927734605
11174,TAFE_spatial,1155,773,258,63350,0.5283623056025453,0.691409757566854,0.5990663900622891,0.8174097664672746,0.9879450431202721,0.9842681884765865
11174,TAFE_full,712,35,701,64088,0.4917127072174231,0.6592592592750344,0.953145917007611,0.5038924274944167,0.9994541740093267,0.9887695312500171
11194,Otsu,1164,27579,4,36789,0.04049118169186179,0.07783089833480046,0.04049681661955782,0.9965753424660466,0.5715417598813517,0.5791168212897048
11194,Adaptive,1150,24061,18,40307,0.04558246462782678,0.08719056825851172,0.04561500932511358,0.9845890410972098,0.6261962465827333,0.6325836181646232
11194,Canny,820,21588,348,42780,0.03603445245633664,0.06956226671585697,0.03659407354946182,0.7020547945460569,0.6646159582406403,0.6652832031255107
11194,Blackhat,1154,15065,14,49303,0.07108975544217896,0.1327428538613174,0.07115111906362198,0.9880136986311632,0.765955132985698,0.7699127197269136
11194,UNet_no_TAFE,1131,954,37,63414,0.5329877474301138,0.6953581309654056,0.5424460431874127,0.9683219178109314,0.9851789709172489,0.9848785400390856
11194,TAFE_channel,862,91,306,64277,0.6846703733371985,0.8128241395656378,0.9045120671663681,0.7380136986525673,0.9985862540392764,0.9939422607421967
11194,TAFE_spatial,1093,362,75,64006,0.7143790849859883,0.8333968738149677,0.7512027491579929,0.9357876712383744,0.9943760874969017,0.9933319091796977
11194,TAFE_full,920,103,248,64265,0.7238394964812085,0.8397991784646373,0.8993157380352576,0.787671232894891,0.9983998260004996,0.9946441650390707
11215-1,Otsu,9815,6404,286,49031,0.5946682823411411,0.7458206686939749,0.6051544484887776,0.971685971686252,0.8844773157754406,0.8979187011720308
11215-1,Adaptive,9569,17588,532,37847,0.34558850085107595,0.5136614955190465,0.3523585079377238,0.9473319473324687,0.6827275187161852,0.7235107421879219
11215-1,Canny,5189,33818,4912,21617,0.11814932034172419,0.21133012951207272,0.13302740533972612,0.513711513716328,0.38995219626699745,0.4090270996102768
11215-1,Blackhat,9075,6367,1026,49068,0.5510687393760562,0.7105664957142444,0.5876829426266825,0.898425898426904,0.885144764138387,0.8871917724611096
11215-1,UNet_no_TAFE,9554,2450,547,52985,0.7612142458787251,0.8644198145222148,0.7959013662129631,0.945846945847482,0.9558040948859822,0.9542694091797573
11215-1,TAFE_channel,3562,90,6539,55345,0.3495240898896131,0.51799607358745,0.9753559693325478,0.3526383526447615,0.9983764769549952,0.8988494873048418
11215-1,TAFE_spatial,8986,1078,1115,54357,0.803828607211702,0.8912472105138048,0.8928855325924793,0.8896148896159825,0.9805538017498321,0.9665374755859886
11215-1,TAFE_full,4355,124,5746,55311,0.42591687042126236,0.597393689989044,0.9723152489401136,0.43114543115106274,0.9977631460268823,0.9104309082032617
11215-10,Otsu,4285,13448,16,47787,0.24142205195086244,0.38894435872111766,0.24163988045315715,0.9962799348989472,0.7803870335595976,0.7945556640628135
11215-10,Adaptive,4232,21969,69,39266,0.1610963075783742,0.27749000065806345,0.16152055265386236,0.9839572192517099,0.6412345880629685,0.6637268066411381
11215-10,Canny,2753,35686,1548,25549,0.06884737539933267,0.12882545624911365,0.07161996930442617,0.6400837014731439,0.4172287090725611,0.4318542480477419
11215-10,Blackhat,4237,11410,64,49825,0.2696836611337936,0.42480449168124723,0.2707867322856088,0.9851197395957889,0.8136686535481119,0.8249206542971421
11215-10,UNet_no_TAFE,4098,1672,203,59563,0.6860873932749693,0.8138218647620512,0.7102253032979163,0.9528016740303928,0.9726953539642808,0.9713897705078561
11215-10,TAFE_channel,3193,226,1108,61009,0.7053236138788309,0.8272020725410985,0.9338988008208863,0.7423854917520952,0.9963093002367988,0.9796447753906561
11215-10,TAFE_spatial,3841,592,460,60643,0.7849989781364194,0.8795511793006691,0.8664561245236532,0.8930481283447327,0.9903323262840037,0.9839477539062745
11215-10,TAFE_full,3195,196,1106,61039,0.7104736491058378,0.8307332293313737,0.9421999410220525,0.7428504998897267,0.9967992161345688,0.9801330566406553
11215-11,Otsu,6128,9480,79,49849,0.39064193281449194,0.5618152647281145,0.39261916966047783,0.9872724343485215,0.8402130492679125,0.8541412353517851
11215-11,Adaptive,5941,20219,266,39110,0.22481646863231355,0.36710229554989005,0.22710244648613492,0.9571451586924901,0.6592054475894432,0.6874237060551645
11215-11,Canny,3855,34666,2352,24663,0.09431654148436787,0.1723752459328108,0.10007528361387275,0.6210729821230695,0.4156988993588031,0.4351501464852369
11215-11,Blackhat,5458,7489,749,51840,0.3985105140230833,0.5699070690217715,0.421564841280439,0.8793297889499061,0.8737716799543667,0.8742980957033168
11215-11,UNet_no_TAFE,6050,2765,157,56564,0.674320107003184,0.8054852882452038,0.6863301191187029,0.974705977123011,0.9533954727031412,0.9554138183594431
11215-11,TAFE_channel,4601,349,1606,58980,0.7017998779789231,0.8247736846838328,0.9294949494963738,0.7412598678952592,0.9941175479108124,0.970169067382858
11215-11,TAFE_spatial,5748,913,459,58416,0.8073033707892233,0.8933789244646148,0.8629334934715068,0.92605123248065,0.984611235652068,0.979064941406282
11215-11,TAFE_full,4489,296,1718,59033,0.6902967861034861,0.8167758369740105,0.9381400208999344,0.723215724186834,0.9950108715805172,0.9692687988281719
11215-12,Otsu,6074,13618,130,45714,0.3064272021021772,0.4691071980249108,0.3084501320368248,0.9790457769184551,0.7704779882697862,0.7902221679690701
11215-12,Adaptive,5681,21129,523,38203,0.20784399810043594,0.3441570242947109,0.21189854532185043,0.9156995486796309,0.6438852558490462,0.6696166992192542
11215-12,Canny,3609,29319,2595,30013,0.1015961489764333,0.1844526218972083,0.10960276968200436,0.5817214700260844,0.505848446033328,0.5130310058601181
11215-12,Blackhat,5086,7200,1118,52132,0.37943897344539357,0.5501352082230928,0.41396711704855954,0.8197936814987138,0.8786489584037641,0.8730773925783186
11215-12,UNet_no_TAFE,5993,1475,211,57857,0.7804401614822185,0.8766822703344304,0.802490626676453,0.9659896840753387,0.9751398907841045,0.9742736816406643
11215-12,TAFE_channel,5124,321,1080,59011,0.7852873563251297,0.8797321658521785,0.9410468319570056,0.8259187620917808,0.9945897660621679,0.9786224365234701
11215-12,TAFE_spatial,5697,521,507,58811,0.8471375464706745,0.9172436000650681,0.9162110003229944,0.9182785299819749,0.9912189037956057,0.984313964843774
11215-12,TAFE_full,4827,160,1377,59172,0.758485229419257,0.8626574926292319,0.9679165831167452,0.7780464216670205,0.9973033101867503,0.9765472412109732
11215-13,Otsu,6412,14911,194,44019,0.29799693266116095,0.45916430950102344,0.300708155516106,0.9706327580991427,0.7469709825220652,0.7695159912112892
11215-13,Adaptive,6125,20989,481,37941,0.2219605000934156,0.36328588375040544,0.2258980600456373,0.9271874053901424,0.6438316646875211,0.6723937988286249
11215-13,Canny,3931,34924,2675,24006,0.09465446665279399,0.1729394426009702,0.10117102046300046,0.5950650923464265,0.40736466994840087,0.4262847900399379
11215-13,Blackhat,5529,7705,1077,51225,0.38634616728819543,0.557358870969973,0.4177875170060617,0.8369663941895706,0.8692516545055672,0.8659973144533295
11215-13,UNet_no_TAFE,6422,2610,184,56320,0.6968315972255117,0.8213326512353157,0.7110274579305688,0.972146533454857,0.9557101646021454,0.9573669433594401
11215-13,TAFE_channel,3390,104,3216,58826,0.5052160953874036,0.6712871287161258,0.9702346880374861,0.5131698456022832,0.9982351942983231,0.9493408203125773
11215-13,TAFE_spatial,6175,912,431,58018,0.8213620643812003,0.901920689404061,0.8713136729240678,0.934756282168714,0.9845240115391405,0.9795074462890938
11215-13,TAFE_full,4145,132,2461,58798,0.6151677055563198,0.7617384912270354,0.969137245733712,0.6274598849587124,0.9977600543017177,0.9604339599609979
11215-14,Otsu,7736,5799,196,51805,0.5633966936161722,0.720734150092138,0.5715552271919353,0.9752899647002611,0.8993299076454772,0.908523559570452
11215-14,Adaptive,7485,18397,447,39207,0.284287287784252,0.4427160347801422,0.2891971254180929,0.9436459909235546,0.6806298173743479,0.7124633789066888
11215-14,Canny,4572,26761,3360,30843,0.13178450984598683,0.23287915446521618,0.14591644592236327,0.5763993948616187,0.5354315672530806,0.5403900146491388
11215-14,Blackhat,6635,5112,1297,52492,0.5086629868176274,0.6743228822619324,0.56482506172159,0.8364851235522379,0.9112561627666286,0.9022064208985867
11215-14,UNet_no_TAFE,7651,3049,281,54555,0.6967489299727097,0.8212752254195939,0.7150467289746256,0.9645738779631294,0.9470696479412071,0.9491882324219525
11215-14,TAFE_channel,5091,332,2841,57272,0.6160454985525647,0.7624110819935425,0.9387792734660008,0.641830559762458,0.9942365113533882,0.9515838623047613
11215-14,TAFE_spatial,7267,1148,665,56456,0.8003303964779699,0.8890927999028012,0.8635769459315082,0.9161623802330288,0.980070828414728,0.9723358154297297
11215-14,TAFE_full,5367,286,2565,57318,0.6530786079380253,0.7901361796114087,0.9494073943048044,0.6766263237559679,0.995035067009244,0.9564971923828789
11215-15,Otsu,5153,12252,46,48085,0.2952839378872541,0.45593700230288475,0.29606434932895104,0.9911521446433708,0.7969405174274542,0.8123474121096613
11215-15,Adaptive,4934,21290,265,39047,0.18626599720945952,0.31403748846604707,0.18814826113793415,0.9490286593585492,0.647148515836639,0.6710968017583143
11215-15,Canny,3271,34629,1928,25708,0.08212815105181749,0.15179006473664866,0.08630606860399391,0.629159453748237,0.42607355354189624,0.44218444824303865
11215-15,Blackhat,4909,10800,290,49537,0.30683167698414376,0.46958102162105614,0.31249602139338917,0.9442200423169028,0.8210053532661202,0.8307800292971332
11215-15,UNet_no_TAFE,4980,2030,219,58307,0.6888919629314028,0.8157916291275633,0.7104136947259571,0.9578765147151783,0.9663556358453911,0.9656829833984899
11215-15,TAFE_channel,3498,238,1701,60099,0.6433695052484206,0.7829882484635367,0.9362955032136966,0.6728216964863855,0.9960554883404942,0.9704132080078577
11215-15,TAFE_spatial,4706,801,493,59536,0.7843333333369278,0.8791331963396307,0.8545487561312048,0.9051740719387349,0.9867245637005706,0.9802551269531551
11215-15,TAFE_full,3656,239,1543,60098,0.6723059948570742,0.8040466241499444,0.9386392811312287,0.7032121561895901,0.9960389147620928,0.9728088378906665
11215-2,Otsu,7340,9273,117,48806,0.4387328153052078,0.6098878271723728,0.44182266899752104,0.9843100442539318,0.840338160092563,0.8567199707033436
11215-2,Adaptive,7109,19563,348,38516,0.2631014063683823,0.4165958568976044,0.26653419316411764,0.9533324393193867,0.6631656881150447,0.6961822509770261
11215-2,Canny,4126,34300,3331,23779,0.09880978039825943,0.17984874572460421,0.10737521470070427,0.553305618887578,0.4094250934082725,0.4257965087899387
11215-2,Blackhat,6847,7765,610,50314,0.44980948627348694,0.6205084054573361,0.46858746236334115,0.9181976666230629,0.8663027944698319,0.8722076416017575
11215-2,UNet_no_TAFE,7146,1987,311,56092,0.7566709021626781,0.8614828209773268,0.782437315232865,0.9582942201963485,0.965787978443214,0.9649353027344285
11215-2,TAFE_channel,4527,194,2930,57885,0.5916873611346009,0.7434718344576822,0.9589070112273055,0.6070805954189744,0.9966597221026591,0.9523315429688227
11215-2,TAFE_spatial,6795,865,662,57214,0.816510454219941,0.8989878944241649,0.88707571801714,0.9112243529581437,0.9851064928804127,0.976699829101598
11215-2,TAFE_full,4475,148,2982,57931,0.5884286653571541,0.7408940397372443,0.967986156176336,0.6001072817540551,0.9974517467587296,0.9522399902344478
11215-3,Otsu,5388,9667,79,50402,0.356019558614008,0.5250950199808737,0.35788774493950254,0.985549661606264,0.8390684046682331,0.8512878417971019
11215-3,Adaptive,5203,20803,264,39266,0.19805862200533667,0.33063260572766934,0.20006921479966133,0.9517102615702998,0.6536815994944919,0.678543090820803
11215-3,Canny,3283,29037,2184,31032,0.09514838859524939,0.1737634636272428,0.10157797029980947,0.6005121638997528,0.5166059032121118,0.5236053466804145
11215-3,Blackhat,5093,7735,374,52334,0.3857748825981989,0.5567641432109497,0.3970221390754831,0.9315895372245914,0.8712314172037636,0.8762664794923763
11215-3,UNet_no_TAFE,5360,1415,107,58654,0.7788433594917343,0.8756739094929287,0.7911439114421971,0.9804280226819018,0.9764437563469069,0.9767761230469104
11215-3,TAFE_channel,4334,269,1133,59800,0.7555788005621412,0.8607745779557023,0.9415598522715282,0.7927565392392033,0.9955218165776099,0.9786071777344076
11215-3,TAFE_spatial,5094,618,373,59451,0.8371405094521424,0.9113516414714076,0.8918067226909697,0.9317724529004614,0.9897118313939142,0.9848785400390856
11215-3,TAFE_full,4018,178,1449,59891,0.7117803365861509,0.8316257890941567,0.9575786463308489,0.7349551856642591,0.997036741081095,0.9751739501953504
11215-4,Otsu,3204,20840,14,41478,0.1331781528010093,0.23505245396803223,0.1332556978908116,0.9956494717217014,0.6655861869770121,0.6817932128911105
11215-4,Adaptive,3143,23888,75,38430,0.11595218771078007,0.20780852259840718,0.11627390773883217,0.9766935985091145,0.6166757598131893,0.6343536376958704
11215-4,Canny,1483,39584,1735,22734,0.0346479136511503,0.06697527379684548,0.036111719874750745,0.4608452455108501,0.36480631599318847,0.36952209472752456
11215-4,Blackhat,3163,13742,55,48576,0.18649764151423054,0.3143666451358427,0.18710440698499198,0.982908638906684,0.7794858628329223,0.7894744873050087
11215-4,UNet_no_TAFE,3066,734,152,61584,0.7758097166048631,0.8737532060434062,0.806842105268241,0.9527656929784721,0.9882217015950636,0.9864807128906457
11215-4,TAFE_channel,2461,112,757,62206,0.7390390390468757,0.8499395613909525,0.9564710454739032,0.7647607209519962,0.9982027664559225,0.9867401123047077
11215-4,TAFE_spatial,2848,275,370,62043,0.8153449756709034,0.8982810282305901,0.9119436439349362,0.8850217526449652,0.9955871497801669,0.9901580810547025
11215-4,TAFE_full,2166,72,1052,62246,0.6583586626243659,0.7939882697984972,0.9678284182320005,0.6730888750878469,0.9988446355788073,0.9828491210937762
11215-5,Otsu,9183,4476,238,51639,0.6607900985848688,0.7957538994809543,0.6723039754032337,0.9747372890354025,0.9202352312217407,0.9280700683594848
11215-5,Adaptive,8714,17157,707,38958,0.32786515163169594,0.4938229627125303,0.3368250164302237,0.9249548880169307,0.6942528735637633,0.7274169921879159
11215-5,Canny,4996,22902,4425,33213,0.15456486093755353,0.26774565235063175,0.17908093770456993,0.5303046385783854,0.5918738305273245,0.5830230712896988
11215-5,Blackhat,8204,4458,1217,51657,0.5911088695180409,0.7430149889066566,0.6479229189729275,0.8708205073785074,0.9205560010693744,0.9134063720704446
11215-5,UNet_no_TAFE,8961,1847,460,54268,0.7952609158697617,0.8859558060216226,0.8291080680992866,0.9511729115810299,0.9670854495233591,0.9647979736328662
11215-5,TAFE_channel,7403,343,2018,55772,0.7581933633781421,0.862468689929152,0.9557190808164766,0.7857976860228659,0.993887552347868,0.9639739990234925
11215-5,TAFE_spatial,8497,699,924,55416,0.8396245059304385,0.9128216146537421,0.9239886907359288,0.9019212397845036,0.987543437583556,0.9752349853516002
11215-5,TAFE_full,7030,193,2391,55922,0.7312252964454833,0.8447488584484214,0.9732798006372244,0.7462052860657444,0.9965606344114826,0.9605712890625602
11215-6,Otsu,4835,13028,46,47627,0.26997598972991244,0.4251670770338324,0.2706712198439754,0.9905757017006643,0.7852114417611323,0.8005065917971794
11215-6,Adaptive,4691,21990,190,38665,0.17457482044146264,0.2972561941597578,0.17581799782925744,0.9610735505027438,0.6374577528651596,0.6615600585942665
11215-6,Canny,3039,37553,1842,23102,0.07161709949787524,0.13366173333817064,0.07486696886313839,0.6226183159266008,0.38087544308073384,0.39888000488372977
11215-6,Blackhat,4669,10606,212,50049,0.3014786595253988,0.4632863663451911,0.3056628477950529,0.9565662774030615,0.8251421976756654,0.8349304199221269
11215-6,UNet_no_TAFE,4741,2461,140,58194,0.6457368564472115,0.7847388893504532,0.658289364070282,0.9713173530020218,0.9594262632924583,0.960311889648498
11215-6,TAFE_channel,3500,202,1381,60453,0.6885697422843091,0.8155656530372181,0.9454349000554988,0.7170661749699433,0.9966696892259556,0.9758453369140994
11215-6,TAFE_spatial,4506,879,375,59776,0.7822916666704464,0.8778492109889163,0.8367688022314435,0.9231714812554155,0.9855082021268066,0.9808654785156542
11215-6,TAFE_full,3516,210,1365,60445,0.6906305244609973,0.817009410946706,0.9436392914668911,0.7203441917697122,0.9965377957299538,0.9759674072265991
11215-7,Otsu,4519,14882,35,46100,0.23250668862300622,0.3772907534987381,0.23292613783190078,0.9923144488363568,0.7559607753111476,0.7723846435550348
11215-7,Adaptive,4387,22813,167,38169,0.16030255417415024,0.27631164577918904,0.16128676470896586,0.9633289415906164,0.6259060050512841,0.649353027344285
11215-7,Canny,2738,41059,1816,19923,0.060026746762852634,0.11325515501413981,0.06251569742433838,0.6012296881949664,0.3267029615307358,0.34577941894631076
11215-7,Blackhat,4384,12694,170,48288,0.254174397035864,0.40532544378973134,0.2567045321509737,0.9626701800623041,0.7918402151457941,0.8037109375002995
11215-7,UNet_no_TAFE,4397,1835,157,59147,0.6882141180202189,0.8153161505672603,0.7055519897351484,0.9655248133516573,0.9699091535207603,0.9696044921875464
11215-7,TAFE_channel,3075,180,1479,60802,0.6495564005143736,0.7875528236677225,0.944700460831192,0.6752305665420458,0.9970483093371864,0.9746856689453511
11215-7,TAFE_spatial,4037,517,517,60465,0.7960954446894873,0.8864734299529372,0.8864734299541838,0.8864734299541838,0.9915220884851407,0.9842224121093991
11215-7,TAFE_full,2899,157,1655,60825,0.6153682869960652,0.7618922470464928,0.9486256544519429,0.6365832235477255,0.9974254698107681,0.9723510742187922
11215-8,Otsu,3085,21267,24,41160,0.12655891040725895,0.22468227668611965,0.1266836399510238,0.9922804760375593,0.6593300975544887,0.6751251220708082
11215-8,Adaptive,3048,23498,61,38929,0.11455631976880311,0.20556398583980587,0.11481955850555706,0.98037954326213,0.623592355872261,0.6405181884771111
11215-8,Canny,2270,38813,839,23614,0.054148179955502716,0.10273352643215347,0.0552539980063402,0.7301383081463448,0.3782658144722984,0.3949584960946732
11215-8,Blackhat,3055,13012,54,49415,0.1895043731828701,0.3186274509839454,0.19014128338090405,0.9826310710845085,0.791564547391687,0.8006286621096792
11215-8,UNet_no_TAFE,3018,1847,91,60580,0.6089588377802874,0.7569601203943195,0.6203494347457277,0.9707301383090792,0.9704134429013561,0.9704284667969201
11215-8,TAFE_channel,2095,183,1014,62244,0.6363912515298787,0.7777984035682607,0.919666374015818,0.6738501125868817,0.9970685760968858,0.9817352294922154
11215-8,TAFE_spatial,2784,503,325,61924,0.7707641196076754,0.8705440900583092,0.8469729236432317,0.8954647796752826,0.9919425889438994,0.9873657226562693
11215-8,TAFE_full,2084,186,1025,62241,0.6324734446242041,0.7748652165871934,0.9180616740124202,0.6703119974374296,0.9970205199673267,0.9815216064453407
11215-9,Otsu,2542,23797,19,39178,0.09644130814516866,0.17591695502015253,0.09651087740955802,0.9925810230381655,0.6221198888453797,0.6365966796880546
11215-9,Adaptive,2497,24264,64,38711,0.09308480895025877,0.1703158038361288,0.09330742498750678,0.9750097618127681,0.61470424771796,0.6287841796880664
11215-9,Canny,1853,40837,708,22138,0.04269782017825085,0.08189874257125389,0.043405949873405,0.7235454900537468,0.3515363239391004,0.3660736083994048
11215-9,Blackhat,2537,15872,24,47103,0.13763359193219965,0.24196471149622334,0.1378130262418501,0.990628660679788,0.7479634775708647,0.7574462890628701
11215-9,UNet_no_TAFE,2456,1269,105,61706,0.6412532637169386,0.7814190264113678,0.6593288590695482,0.9590003904740726,0.979849146486733,0.979034423828157
11215-9,TAFE_channel,1799,131,762,62844,0.6682763744551161,0.8011578713025794,0.9321243523351231,0.7024599765832699,0.997919809448197,0.9863739013672083
11215-9,TAFE_spatial,2250,340,311,62635,0.7755946225516858,0.8736167734445036,0.8687258687309373,0.8785630613089198,0.9946010321556259,0.9900665283203277
11215-9,TAFE_full,1801,135,760,62840,0.6680267062437676,0.8009784300689131,0.9302685950449241,0.7032409215266209,0.9978562921794397,0.9863433837890834
11216,Otsu,1082,31174,1,33279,0.03354310692552456,0.06490896547867389,0.03354414682839303,0.9990766389659209,0.5163297286402242,0.5243072509772884
11216,Adaptive,1062,17364,21,47089,0.05757033664521293,0.10887282793014058,0.057635949207328584,0.9806094182843389,0.7305943866077133,0.7347259521488423
11216,Canny,926,2127,157,62326,0.2884735202713871,0.44777562864004417,0.30330822144437247,0.8550323176495814,0.9669992087257894,0.9651489257813032
11216,Blackhat,1055,1085,28,63368,0.48662361625984213,0.6546695625301064,0.49299065422929955,0.9741458910457852,0.9831660279583834,0.9830169677734634
11216,UNet_no_TAFE,907,537,176,63916,0.5598765432370446,0.717847249714371,0.6281163435160584,0.8374884580020785,0.9916683474780201,0.9891204833984542
11216,TAFE_channel,828,235,255,64218,0.6282245827292697,0.771668219954722,0.7789275635203265,0.7645429363098297,0.9963539323227835,0.9925231933593864
11216,TAFE_spatial,827,223,256,64230,0.6332312404568735,0.7754336615201392,0.7876190476392743,0.7636195752757506,0.9965401145020456,0.9926910400390736
11216,TAFE_full,775,157,308,64296,0.6250000000302419,0.7692307692422218,0.8315450643957569,0.7156048015036375,0.9975641164879873,0.9929046630859484
11217,Otsu,3957,9293,69,52217,0.2970943764599662,0.4580921509640073,0.2986415094392555,0.9828614008946135,0.8489188749799237,0.8571472167970929
11217,Adaptive,3964,11694,62,49816,0.25216284987753074,0.4027636659245948,0.2531613232899913,0.9846000993545803,0.8098845716146807,0.8206176757815237
11217,Canny,3335,5414,691,56096,0.3532838983119355,0.5221135029391615,0.38118642131236496,0.8283656234518538,0.9119817915787481,0.9068450927735796
11217,Blackhat,3868,2198,158,59312,0.6214652956359019,0.7665477606047706,0.6376524892905102,0.9607550919036076,0.9642659730125764,0.9640502929688048
11217,UNet_no_TAFE,2815,1038,1211,60472,0.5558846761541096,0.714557684989027,0.7305995328385518,0.6992051664257525,0.9831246951715442,0.9656829833984899
11217,TAFE_channel,2188,431,1838,61079,0.4909131703053419,0.6585402558365908,0.8354333715221293,0.543467461511588,0.9929930092667972,0.9653778076172403
11217,TAFE_spatial,2606,561,1420,60949,0.5681273163381703,0.7245933546541833,0.8228607515054354,0.647292598121031,0.9908795317834647,0.9697723388672336
11217,TAFE_full,2155,361,1871,61149,0.4912240711308132,0.6588199327474958,0.856518282994574,0.5352707402003162,0.9941310356039764,0.965942382812552
11218-1,Otsu,3856,257,1150,60273,0.7326619798644753,0.8457067660944653,0.9375151957224042,0.7702756692015527,0.9957541714852209,0.9785308837890953
11218-1,Adaptive,3905,19829,1101,40701,0.15723776928062316,0.2717466945049696,0.16453189517500408,0.780063923296443,0.6724103750211922,0.6806335449223623
11218-1,Canny,1917,2546,3089,57984,0.25384004238276164,0.40490020066105287,0.42953170514385997,0.3829404714466053,0.9579382124567025,0.9140167236329437
11218-1,Blackhat,3067,406,1939,60124,0.5667036215896766,0.7234343672635518,0.8830981860097006,0.6126648022450526,0.9932925821906603,0.9642181396484921
11218-1,UNet_no_TAFE,4170,694,836,59836,0.7315789473731302,0.8449848024331815,0.8573190789503018,0.8330003995239113,0.9885346109367446,0.9766540527344106
11218-1,TAFE_channel,3360,192,1646,60338,0.646402462492374,0.7852301939730634,0.9459459459474677,0.671194566526744,0.9968280191640562,0.9719543457031677
11218-1,TAFE_spatial,3712,340,1294,60190,0.6943509165788562,0.8196069772596642,0.9160908193505407,0.741510187779834,0.9943829506030161,0.9750671386719131
11218-1,TAFE_full,3034,115,1972,60415,0.5924624096935664,0.7440833844298702,0.9634804699916328,0.6060727127525755,0.9981001156451378,0.9681549072266111
11218-2,Otsu,4556,218,1568,59194,0.7183853673964303,0.8361167186654789,0.9543359865950076,0.743958197260876,0.9963307076011642,0.9727478027344166
11218-2,Adaptive,4612,19165,1512,40247,0.18237178220102662,0.3084846660669928,0.19396896160493765,0.7531025473587017,0.6774220696161088,0.6844940185551689
11218-2,Canny,1910,4057,4214,55355,0.18760436107270795,0.31593747415998724,0.32009384951700864,0.31188765513860406,0.9317141318253355,0.8737945556642551
11218-2,Blackhat,3172,1078,2952,58334,0.4404332130041595,0.6115288220588825,0.7463529411824388,0.5179621162717511,0.981855517403922,0.9385070800782188
11218-2,UNet_no_TAFE,4642,645,1482,58767,0.6857733786425503,0.813600911402913,0.8780026480068469,0.7580013063396799,0.9891436073520684,0.967544555664112
11218-2,TAFE_channel,3526,69,2598,59343,0.5693524947590933,0.7255890523744666,0.9808066759393378,0.5757674722472932,0.9988386184609189,0.9593048095703746
11218-2,TAFE_spatial,4222,194,1902,59218,0.6682494460324747,0.8011385199259854,0.956068840580705,0.689418680605986,0.9967346663973663,0.9680175781250488
11218-2,TAFE_full,3232,60,2892,59352,0.5226390685717555,0.686491079017773,0.9817739975704199,0.5277596342337074,0.9989901030094948,0.9549560546875687
11218-3,Otsu,2910,280,465,61881,0.7961696306485316,0.8865194211746151,0.9122257053319052,0.8622222222263045,0.9954955679606257,0.9886322021484548
11218-3,Adaptive,2935,20401,440,41760,0.12344380888659386,0.21975964958549002,0.12577134042198418,0.8696296296334924,0.6718038641597275,0.6819915771489228
11218-3,Canny,1223,3091,2152,59070,0.18914321065281253,0.3181167902286628,0.28349559575142574,0.3623703703892631,0.9502742877367638,0.9199981689454346
11218-3,Blackhat,2121,508,1254,61653,0.5462271439725411,0.7065289806844349,0.806770635229868,0.6284444444554534,0.9918276732999922,0.9731140136719161
11218-3,UNet_no_TAFE,2926,823,449,61338,0.696998570755193,0.8214486243708388,0.7804747932840631,0.8669629629669048,0.986760187255696,0.9805908203125296
11218-3,TAFE_channel,2250,88,1125,62073,0.6497256713933085,0.7876772273798761,0.962360992302722,0.6666666666765432,0.9985843213590537,0.9814910888672157
11218-3,TAFE_spatial,2706,179,669,61982,0.7613956105863423,0.8645367412162215,0.9379549393435718,0.801777777783651,0.9971203809462571,0.9870605468750198
11218-3,TAFE_full,2145,66,1230,62095,0.6233653007956012,0.7679914070933048,0.9701492537326933,0.6355555555663539,0.9989382410192903,0.9802246093750302
11220-1,Otsu,1051,25092,1,39392,0.040200428400244036,0.07729362015415593,0.04020196611314615,0.999049429657885,0.6108802183493411,0.6171112060552717
11220-1,Adaptive,997,21484,55,43000,0.04424032659281043,0.08473207836193969,0.04434856101132357,0.9477186311836768,0.6668320823775404,0.671340942383314
11220-1,Canny,985,7333,67,57151,0.11747167562173556,0.21024546425602725,0.11841788892620318,0.9363117870782972,0.8862818683706248,0.8870849609376723
11220-1,Blackhat,1019,15351,33,49133,0.062122782423568106,0.11697853289451855,0.062248014666693656,0.9686311787102061,0.7619409465917717,0.7652587890628582
11220-1,UNet_no_TAFE,1014,1804,38,62680,0.35504201682930525,0.524031007764237,0.35982966645280945,0.9638783269996313,0.9720240679859004,0.9718933105469179
11220-1,TAFE_channel,613,56,439,64428,0.5532490975132446,0.7123765252927149,0.916292974601451,0.5826996198115304,0.9991315675206266,0.992446899414074
11220-1,TAFE_spatial,918,539,134,63945,0.5769956002780015,0.7317656436934331,0.6300617707872297,0.8726235741565946,0.9916413373860312,0.9897308349609532
11220-1,TAFE_full,690,74,362,64410,0.6127886323612087,0.7599118942863484,0.9031413612692223,0.6558935361543826,0.9988524285093995,0.9933471679687601
11222-1,Otsu,1559,17688,2,46287,0.080991220327908,0.14984621299908762,0.0809996363117317,0.9987187700193005,0.7235169988280993,0.7300720214847869
11222-1,Adaptive,1537,22750,24,41225,0.06322240961267236,0.11892602909656867,0.06328488492171415,0.9846252402316064,0.6443923407586645,0.6524963378911552
11222-1,Canny,1365,10765,196,53210,0.11074152199326025,0.19940106639982905,0.11253091509387855,0.8744394618914517,0.8317311449787702,0.8327484130861927
11222-1,Blackhat,1543,8589,18,55386,0.15201970444185203,0.2639185837743614,0.1522897749787575,0.9884689301737047,0.8657444314187327,0.8686676025392629
11222-1,UNet_no_TAFE,1491,726,70,63249,0.6519457805136885,0.7893065113872603,0.6725304465641619,0.9551569506755184,0.9886518171160787,0.9878540039062685
11222-1,TAFE_channel,1176,91,385,63884,0.7118644067971026,0.8316831683227834,0.9281767955857793,0.7533632287153516,0.9985775693630347,0.9927368164062611
11222-1,TAFE_spatial,1354,175,207,63800,0.7799539170633667,0.8763754045347452,0.8855461085751768,0.8673926969976046,0.9972645564673743,0.9941711425781339
11222-1,TAFE_full,1202,72,359,63903,0.7360685854417595,0.8479717813104771,0.9434850863466652,0.7700192184644447,0.9988745603751483,0.9934234619140725
11222-2,Otsu,1545,24885,3,39103,0.05844966519480025,0.11044392022621186,0.05845629966304027,0.9980620155040012,0.611098956054868,0.6202392578130794
11222-2,Adaptive,1521,24410,27,39578,0.05859465290446647,0.11070271844277192,0.05865566310956517,0.9825581395360105,0.6185222229173931,0.6271209716802565
11222-2,Canny,1383,19475,165,44513,0.06578509252216247,0.12344907614423167,0.06630549429923145,0.8934108527200639,0.6956460586364699,0.7003173828129573
11222-2,Blackhat,1528,12960,20,51028,0.10532120210156244,0.19057121477182232,0.10546659304869226,0.9870801033600077,0.7974620241298408,0.8019409179690522
11222-2,UNet_no_TAFE,1512,1013,36,62975,0.5903943772124017,0.7424502823534875,0.5988118812040075,0.9767441860480139,0.9841689066700253,0.9839935302734619
11222-2,TAFE_channel,1100,50,448,63938,0.6883604505827059,0.8154188287688874,0.9565217391342155,0.7105943152641735,0.9992186034881553,0.9924011230468865
11222-2,TAFE_spatial,1398,211,150,63777,0.7947697555545895,0.8856509344350443,0.8688626476153597,0.903100775200058,0.9967025067200151,0.9944915771484459
11222-2,TAFE_full,1178,65,370,63923,0.7303161810458576,0.8441418846347495,0.9477071601007476,0.7609819121601433,0.9989841845346018,0.9933624267578226
11222-3,Otsu,1349,20902,0,43285,0.06062648870135892,0.11432203390205795,0.06062648870135892,1.0,0.6743577359906611,0.6810607910161117
11222-3,Adaptive,1337,24370,12,39817,0.051984913880586396,0.09883205204354363,0.05200918038257281,0.9911045218687098,0.6203281038222377,0.6279602050786927
11222-3,Canny,1211,18128,138,46059,0.06217589978404182,0.11707269915353309,0.06261957702537557,0.897702001490163,0.7175752099339157,0.7212829589848003
11222-3,Blackhat,1342,15699,7,48488,0.07871891131464853,0.14594888526837438,0.07875124699795345,0.9948109710900808,0.755417763722007,0.7603454589847407
11222-3,UNet_no_TAFE,1195,802,154,63385,0.5555555555762178,0.7142857142942532,0.5983975964147021,0.885841363981776,0.9875052580740843,0.9854125976562722
11222-3,TAFE_channel,940,63,409,64124,0.6657223796270735,0.7993197278996889,0.9371884347021746,0.6968124536918596,0.999018492841231,0.992797851562511
11222-3,TAFE_spatial,1123,225,226,63962,0.7134688691414569,0.8327771598133935,0.8330860534248452,0.832468495194035,0.9964946172901109,0.993118286132823
11222-3,TAFE_full,1003,91,346,64096,0.6965277777988522,0.8211215718452264,0.9168190128046783,0.7435137138811331,0.9985822674373338,0.9933319091796977
11231-1,Otsu,6941,303,468,57824,0.9000259336112548,0.947382788507832,0.958172280508584,0.9368335807809849,0.994787276136744,0.9882354736328305
11231-1,Adaptive,6855,18003,554,40124,0.26975444672095955,0.424892304833344,0.2757663528872968,0.9252260763945847,0.6902816247188222,0.7168426513676196
11231-1,Canny,1676,10766,5733,47361,0.09221458047267007,0.16885799204489013,0.13470503135239748,0.22621136456706425,0.814784867617777,0.7482452392581966
11231-1,Blackhat,2806,1703,4603,56424,0.3079455662938109,0.4708843765776901,0.6223109336965555,0.3787285733651137,0.9707020833692248,0.9037780761720218
11231-1,UNet_no_TAFE,7385,1409,24,56718,0.837491494671836,0.911559587731213,0.8397771207659792,0.996760696450307,0.9757599738504038,0.9781341552734709
11231-1,TAFE_channel,7013,180,396,57947,0.9241006720262999,0.9605533488565912,0.9749756707913948,0.9465514914300641,0.9969033323584618,0.9912109375000134
11231-1,TAFE_spatial,7309,466,100,57661,0.9281269841278968,0.9627239199159462,0.940064308682443,0.9865029018762788,0.99198307155024,0.9913635253906382
11231-1,TAFE_full,6737,109,672,58018,0.896115988296141,0.9452122062438078,0.9840782938944774,0.9092995006085937,0.9981247957059575,0.9880828857422057
11231-2,Otsu,10901,625,1173,52837,0.8584140483513788,0.9238135593223568,0.9457747700854956,0.90284909723453,0.9883094534435892,0.9725646972656669
11231-2,Adaptive,9653,15489,2421,37973,0.35021586910223773,0.5187553740339672,0.3839392252033095,0.7994864999188381,0.7102801990204065,0.726715087891042
11231-2,Canny,2578,12827,9496,40635,0.10352997871931435,0.18763419338699502,0.16734826355620025,0.21351664734790857,0.7600725749134711,0.6593780517583323
11231-2,Blackhat,2780,1261,9294,52201,0.208473940763341,0.3450201675498292,0.6879485275999023,0.23024681133650612,0.9764131532677857,0.8389434814455583
11231-2,UNet_no_TAFE,11661,1773,413,51689,0.8421318697202128,0.9143013956409193,0.8680214381430101,0.9657942686767782,0.966836257528774,0.9666442871094258
11231-2,TAFE_channel,6613,118,5461,53344,0.5424048556467979,0.7033235841547284,0.9824691724857753,0.547705814149845,0.9977928248101496,0.9148712158204424
11231-2,TAFE_spatial,11513,573,561,52889,0.910334466672647,0.953062913907479,0.9525897732918038,0.9535365247643405,0.9892821069170826,0.9826965332031514
11231-2,TAFE_full,7248,139,4826,53323,0.593465978878298,0.7448743641141521,0.9811831596049657,0.6002981613417235,0.9974000224458542,0.9242401123048031
11231-3,Otsu,11590,712,1008,52226,0.8707738542458995,0.9309236947793939,0.942123231995268,0.9199872995719957,0.9865503041293843,0.9737548828125401
11231-3,Adaptive,8867,16226,3731,36712,0.3076255897886913,0.47051020137573824,0.35336548041544114,0.7038418796657895,0.693490498319367,0.6954803466801521
11231-3,Canny,2758,9631,9840,43307,0.12407215799575295,0.22075479249521449,0.22261683752342706,0.2189236386790052,0.8180701953231742,0.7028961181645158
11231-3,Blackhat,3186,8200,9412,44738,0.15318780652392927,0.26567711808178085,0.2798173195215192,0.2528972852893086,0.845101817220437,0.7312622070316601
11231-3,UNet_no_TAFE,11730,994,868,51944,0.8630076515607489,0.9264671037045792,0.9218799119779796,0.9311001746314407,0.9812233178435505,0.9715881347656683
11231-3,TAFE_channel,4275,62,8323,52876,0.33767772512371497,0.5048715677620026,0.9857044039662046,0.3393395777159919,0.9988288186180082,0.8720550537111327
11231-3,TAFE_spatial,11507,298,1091,52640,0.892292183623664,0.9430807687581728,0.9747564591277021,0.9133989522153246,0.9943707733575232,0.9788055419922198
11231-3,TAFE_full,4436,82,8162,52856,0.3498422712985028,0.5183454078083761,0.9818503762730888,0.35211938403435367,0.9984510181722044,0.874206542968942
11231-4,Otsu,11211,734,1162,52429,0.8553444724204216,0.9220330619297556,0.9385516952705019,0.9060858320544243,0.9861934051878446,0.9710693359375442
11231-4,Adaptive,8951,16063,3422,37100,0.3147770431871052,0.47882953968096176,0.3578396098210689,0.7234300493031324,0.6978537704800372,0.7026824951176411
11231-4,Canny,3293,10539,9080,42624,0.14372381285289923,0.2513260828114813,0.2380711393924373,0.2661440232824202,0.8017606229900461,0.7006378173832692
11231-4,Blackhat,4777,3992,7596,49171,0.29190345249439714,0.45189669851739717,0.5447599498284323,0.3860825992129145,0.9249101818935633,0.8231811523440198
11231-4,UNet_no_TAFE,11219,843,1154,52320,0.8488952784515066,0.9182729691020328,0.9301110926883592,0.9067324011969067,0.9841431070481648,0.969528198242234
11231-4,TAFE_channel,6294,91,6079,53072,0.5049743260630216,0.6710736752336546,0.9857478465154934,0.5086882728561489,0.9982882832044876,0.9058532714845187
11231-4,TAFE_spatial,11004,387,1369,52776,0.8623824451421443,0.9261067160413815,0.9660258098501797,0.8893558554926909,0.9927205011004031,0.9732055664062909
11231-4,TAFE_full,6097,69,6276,53094,0.4900337566348655,0.6577485301275271,0.9888096010381315,0.4927665077225186,0.9987021048473587,0.9031829833985853
11231-5,Otsu,1006,24400,1,40129,0.03959538710182392,0.0761746109905116,0.03959694560718099,0.9990069513407143,0.6218754358511338,0.6276702880865056
11231-5,Adaptive,985,21756,22,42773,0.04327197645721885,0.08295435405472901,0.04331383844578816,0.9781529294957148,0.6628492615728389,0.667694091797382
11231-5,Canny,833,9937,174,54592,0.07611476609031327,0.14146217203751837,0.07734447540318157,0.827209533284289,0.8460072215595376,0.8457183837892979
11231-5,Blackhat,997,9095,10,55434,0.09869332806277277,0.17965582485647666,0.09879112168946896,0.990069513407143,0.8590556184043467,0.8610687255861494
11231-5,UNet_no_TAFE,878,413,129,64116,0.6183098591818091,0.7641427328214038,0.6800929512253994,0.8718967229521453,0.9935997768445295,0.9917297363281377
11231-5,TAFE_channel,828,148,179,64381,0.7168831169076291,0.8350983358630812,0.8483606557532417,0.8222442899878606,0.9977064575617199,0.9950103759765702
11231-5,TAFE_spatial,855,161,152,64368,0.7320205479681489,0.8452792881935106,0.8415354330864631,0.8490566037885743,0.9975049977529522,0.9952239990234448
11231-5,TAFE_full,792,115,215,64414,0.7058823529673901,0.8275862069055597,0.8732083792863056,0.7864945382535755,0.9982178555378229,0.9949645996093827
11231-6,Otsu,8643,637,1172,55084,0.8269230769247329,0.9052631578952329,0.9313577586214293,0.880590932247778,0.9885680443639049,0.9723968505859796
11231-6,Adaptive,7821,17722,1994,37999,0.2840178668726295,0.4423892754130822,0.3061895627009114,0.7968415690290693,0.6819511494774287,0.6991577148442091
11231-6,Canny,3295,12033,6520,43688,0.15081471988671358,0.26210078352121025,0.21496607516169774,0.3357106469756932,0.7840491017753018,0.7169036865238695
11231-6,Blackhat,4378,4592,5437,51129,0.3038800583098224,0.4661165823824003,0.48807134894662124,0.44605196128939323,0.9175894187112263,0.846969604492421
11231-6,UNet_no_TAFE,8617,688,1198,55033,0.820432257451962,0.9013598326364992,0.9260612573892955,0.8779419256252884,0.9876527700508109,0.971221923828169
11231-6,TAFE_channel,5927,60,3888,55661,0.6002025316496181,0.7501582078233758,0.9899782862871225,0.603871625067714,0.9989232066904777,0.9397583007813419
11231-6,TAFE_spatial,8344,342,1471,55379,0.8215024121313232,0.902005297011502,0.9606262951881116,0.850127356089148,0.9938622781357229,0.9723358154297297
11231-6,TAFE_full,5778,42,4037,55679,0.5861824084449002,0.7391109689815215,0.9927835051547632,0.5886907794234468,0.9992462446833343,0.9377593994141574
11231-7,Otsu,9248,998,1146,54144,0.8117977528106408,0.8961240310082552,0.9025961350780539,0.8897440831259406,0.9819012730768164,0.96728515625005
11231-7,Adaptive,7971,17020,2423,38122,0.29076384329433586,0.4505298855462752,0.3189548237392703,0.766884741199087,0.6913423524723599,0.7033233642582652
11231-7,Canny,3134,11381,7260,43761,0.14392652124388552,0.2516359548787521,0.21591457113871224,0.3015201077611937,0.7936056000874223,0.7155609130863715
11231-7,Blackhat,3541,5239,6853,49903,0.22650802789466826,0.36935433399723916,0.4033029612824225,0.340677313841248,0.9049907511517447,0.8154907226565316
11231-7,UNet_no_TAFE,10043,1227,351,53915,0.8642113415380414,0.9271602658792136,0.8911268855377895,0.9662305176066363,0.9777483587828194,0.9759216308594117
11231-7,TAFE_channel,8000,149,2394,54993,0.7587973062718505,0.8628593000061324,0.9817155479202145,0.7696748123939804,0.9972978854593644,0.9611968994141217
11231-7,TAFE_spatial,9740,558,654,54584,0.8893352812281836,0.9414266383146075,0.9458147213056339,0.9370790840875786,0.9898806717203041,0.9815063476562782
11231-7,TAFE_full,7830,130,2564,55012,0.7440136830126945,0.8532200065388841,0.9836683417087478,0.7533192226308127,0.9976424504007877,0.9588928222656877
11231-8,Otsu,3974,1562,242,59758,0.6877812391885119,0.8150123051700675,0.7178468208143453,0.9425996204947201,0.9745270711024551,0.972473144531292
11231-8,Adaptive,3831,19871,385,41449,0.1590484493745213,0.2744465935981286,0.16163192979849111,0.9086812144234184,0.6759458577957014,0.6909179687504716
11231-8,Canny,2075,12055,2141,49265,0.1275275029246664,0.2262073476549318,0.14685067233441718,0.49217267553386684,0.803408349641547,0.7833862304690805
11231-8,Blackhat,3334,1232,882,60088,0.611967694573936,0.7592803461653463,0.7301795882669694,0.7907969639518312,0.9799086757991196,0.9677429199219242
11231-8,UNet_no_TAFE,4134,718,82,60602,0.8378597486858966,0.9117776797539504,0.8520197856584497,0.9805502846304424,0.9882909328114998,0.9877929687500187
11231-8,TAFE_channel,2958,60,1258,61260,0.691768007490838,0.8178048106190516,0.9801192842948934,0.7016129032328839,0.9990215264187883,0.9798889160156556
11231-8,TAFE_spatial,3950,247,266,61073,0.8850548958125688,0.9390229406877567,0.9411484393628509,0.9369070208743618,0.9959719504240118,0.9921722412109495
11231-8,TAFE_full,2781,48,1435,61272,0.6522045028224155,0.7894960965253442,0.9830328738075987,0.6596299810327412,0.9992172211350306,0.977371215820347
11231-9,Otsu,6662,829,628,57417,0.8205444020221635,0.9014275082883335,0.889333867308913,0.9138545953372585,0.9857672629880407,0.9777679443359715
11231-9,Adaptive,6200,18014,1090,40232,0.24502055011363807,0.39360081259715085,0.2560502188847111,0.8504801097414201,0.6907255433854844,0.7084960937504448
11231-9,Canny,2840,12638,4450,45608,0.14251304697339162,0.24947294448678198,0.18348623853738538,0.38957475995350377,0.7830237269515795,0.7392578125003979
11231-9,Blackhat,3708,1294,3582,56952,0.4319664492144458,0.6033192320240537,0.7413034786137285,0.5086419753153821,0.9777838821550359,0.9255981445313636
11231-9,UNet_no_TAFE,6776,740,514,57506,0.8438356164403009,0.9153046062412853,0.9015433741364882,0.9294924554193486,0.987295264910917,0.9808654785156542
11231-9,TAFE_channel,4298,43,2992,58203,0.5861175508034077,0.7390594101991311,0.9900944482840338,0.5895747599507603,0.9992617518799587,0.9536895751953831
11231-9,TAFE_spatial,6539,283,751,57963,0.8634623002791039,0.9267290249438299,0.9585165640580693,0.8969821673539509,0.9951412972564723,0.9842224121093991
11231-9,TAFE_full,4224,23,3066,58223,0.5776015315249884,0.732252752017576,0.9945844125266168,0.5794238683185264,0.9996051230985825,0.9528656005860094
11236-1,Otsu,1512,20351,1,43672,0.06915477497681506,0.12936344969571625,0.06915793807314112,0.9993390614673272,0.6821298595822093,0.6894531250004738
11236-1,Adaptive,1486,20081,27,43942,0.06881541169274422,0.12876949740412144,0.06890156257676588,0.9821546596178351,0.686347094013579,0.6931762695317182
11236-1,Canny,806,2917,707,61106,0.18194130927354535,0.30786860199946775,0.2164920763036129,0.5327164574003491,0.9544382487544251,0.9447021484375844
11236-1,Blackhat,1451,1090,62,62933,0.5574337303281817,0.7158362111564914,0.571035025597362,0.9590218109742881,0.9829748684066929,0.9824218750000269
11236-1,UNet_no_TAFE,1063,449,450,63574,0.5417940876890014,0.7028099173651964,0.7030423280619681,0.702577660297252,0.9929868953345001,0.9862823486328335
11236-1,TAFE_channel,938,171,575,63852,0.5570071259170423,0.7154843630924682,0.8458070333772941,0.6199603437131552,0.9973290848601326,0.9886169433593923
11236-1,TAFE_spatial,1003,201,510,63822,0.5851808635014479,0.7383143172713171,0.8330564784191813,0.6629213483368855,0.9968605032566471,0.989151000976579
11236-1,TAFE_full,915,122,598,63901,0.5596330275498695,0.7176470588346021,0.8823529411878154,0.6047587574616815,0.9980944348124923,0.9890136718750168
11236-2,Otsu,1684,23462,24,40366,0.06690504569301985,0.12541893200593796,0.06696890161828137,0.9859484777525791,0.6324183743817252,0.6416320800786718
11236-2,Adaptive,1668,20338,40,43490,0.07565998367469991,0.14067639369511395,0.07579750977426249,0.9765807962542985,0.681362411481354,0.6890563964848495
11236-2,Canny,1259,3874,449,59954,0.2255463991539673,0.3680748428684684,0.2452756672658236,0.7371194379545012,0.9393056338911774,0.9340362548829132
11236-2,Blackhat,1616,1079,92,62749,0.5798349479878064,0.7340449693451273,0.5996289425009415,0.9461358313848867,0.9830951933321065,0.9821319580078398
11236-2,UNet_no_TAFE,1563,1075,145,62753,0.5616241466201357,0.7192820984878214,0.5924943138895946,0.9151053864218323,0.9831578617534888,0.9813842773437784
11236-2,TAFE_channel,1355,368,353,63460,0.6526974951997738,0.7898571845004413,0.7864190365765282,0.7933255269441847,0.9942345052328222,0.9889984130859543
11236-2,TAFE_spatial,1462,461,246,63367,0.6740433379587809,0.8052877995096313,0.7602704108288991,0.855971896963936,0.9927774644356822,0.9892120361328289
11236-2,TAFE_full,1294,266,414,63562,0.6555217831988084,0.7919216646330501,0.8294871794981098,0.75761124123199,0.9958325499780726,0.9896240234375159
11236-3,Otsu,1468,22945,17,41106,0.060090053217109744,0.11336782763490089,0.060131896944004705,0.9885521885529595,0.641769839659581,0.6496276855474097
11236-3,Adaptive,1458,21888,27,42163,0.0623796688526831,0.11743385284878806,0.06245181187757024,0.9818181818194062,0.6582723142501159,0.6656036376958228
11236-3,Canny,1182,5949,303,58102,0.1589991929088109,0.2743732590613466,0.1657551535666,0.7959595959733361,0.9071208880424863,0.9046020507813956
11236-3,Blackhat,1413,1879,72,62172,0.42003567183650314,0.5915846765838061,0.429222357246986,0.9515151515184165,0.9706640021233538,0.9702301025391079
11236-3,UNet_no_TAFE,1372,1224,113,62827,0.5064599483386321,0.6723842195620587,0.5285053929303349,0.9239057239108481,0.9808902280995131,0.9795989990234686
11236-3,TAFE_channel,941,185,544,63866,0.5634730539183549,0.7207966296545081,0.8357015985936321,0.6336700336947023,0.9971116766326878,0.9888763427734545
11236-3,TAFE_spatial,1290,481,195,63570,0.6561546287051804,0.7923832923896688,0.7284020327651947,0.8686868686957113,0.9924903592449884,0.9896850585937658
11236-3,TAFE_full,989,191,496,63860,0.590095465418252,0.7422138836869714,0.8381355932340562,0.6659932660157579,0.9970180012802344,0.9895172119140785
11236-4,Otsu,1605,24162,14,39755,0.0622551491444775,0.11721317461799016,0.06228897427305356,0.9913526868442648,0.6219785033721514,0.6311035156255629
11236-4,Adaptive,1583,20985,36,42932,0.07003185277353552,0.1308967627273705,0.0701435661154283,0.9777640518852524,0.671683589655848,0.6792449951176769
11236-4,Canny,1166,4763,453,59154,0.18270134755276246,0.3089560148475231,0.19666048238831743,0.7201976528894257,0.9254814837994189,0.9204101562501215
11236-4,Blackhat,1579,1007,40,62910,0.6012947448742844,0.7510107015517001,0.6105955143228695,0.9752933909836138,0.9842451929846766,0.9840240478515869
11236-4,UNet_no_TAFE,1506,862,113,63055,0.6070133011041108,0.7554552295019951,0.6359797297451023,0.9302038295287088,0.9865137600325633,0.9851226806640851
11236-4,TAFE_channel,1399,405,220,63512,0.6912055336120946,0.8174116272329123,0.7754988913649945,0.8641136504098756,0.9936636575559027,0.990463256835952
11236-4,TAFE_spatial,1371,334,248,63583,0.7019969278186382,0.8249097472976862,0.8041055718589968,0.8468190240984053,0.9947744731448679,0.9911193847656385
11236-4,TAFE_full,1295,226,324,63691,0.701897018986347,0.8248407643367885,0.8514135437310051,0.7998764669672714,0.9964641644632939,0.9916076660156378
11236-5,Otsu,1476,23629,0,40431,0.05879306911348818,0.11105676987656199,0.05879306911348818,1.0,0.6311426787392583,0.6394500732427376
11236-5,Adaptive,1449,20938,27,43122,0.06464709556944478,0.1214432384900413,0.06472506365719068,0.9817073170744101,0.6731501717145283,0.6800994873051757
11236-5,Canny,1163,4613,313,59447,0.191000164243866,0.32073910646275866,0.20135041552629243,0.7879403794181612,0.9279893849517202,0.9248352050782397
11236-5,Blackhat,1440,1095,36,62965,0.5600933489085923,0.7180254300743449,0.5680473372951461,0.9756097560992134,0.982906650015637,0.9827423095703388
11236-5,UNet_no_TAFE,1438,718,38,63342,0.6554238833338458,0.7918502202700481,0.666975881277042,0.9742547425491698,0.9887917577271483,0.9884643554687677
11236-5,TAFE_channel,1342,193,134,63867,0.8040742959973592,0.8913982065794952,0.8742671009853897,0.9092140921470723,0.996987199500473,0.9950103759765702
11236-5,TAFE_spatial,1348,220,128,63840,0.7948113207668154,0.8856767411338476,0.8596938775599685,0.9132791327972033,0.9965657196378449,0.9946899414062581
11236-5,TAFE_full,1260,106,216,63954,0.7964601770040164,0.8866995073931492,0.9224011713087554,0.8536585365952806,0.9983453012800525,0.9950866699218825
11236-6,Otsu,1677,20631,2,43226,0.07516808606420812,0.13982573894551287,0.07517482517897088,0.9988088147707678,0.676918740310887,0.6851654052739179
11236-6,Adaptive,1653,19155,26,44702,0.07934146107766468,0.14701827723063537,0.07944059977374356,0.9845145920199813,0.7000328859800804,0.7073211669926341
11236-6,Canny,1306,5687,373,58170,0.17730111323408498,0.30119926200067804,0.18675818676981615,0.7778439547481928,0.9109416352163257,0.9075317382813911
11236-6,Blackhat,1639,1853,40,62004,0.4640430351227621,0.633919938123498,0.46935853380671944,0.9761762954153558,0.9709820379911819,0.9711151123047316
11236-6,UNet_no_TAFE,1629,662,50,63195,0.6958564716063282,0.8206549118433084,0.7110432125835425,0.9702203692691947,0.9896330864275027,0.9891357421875165
11236-6,TAFE_channel,1577,365,102,63492,0.7715264187978705,0.8710301021852794,0.8120494335833136,0.9392495533091573,0.9942841035438648,0.9928741455078234
11236-6,TAFE_spatial,1536,277,143,63580,0.7852760736306096,0.8797250859140973,0.847214561508703,0.914830256109897,0.9956621826894535,0.9935913085937598
11236-6,TAFE_full,1474,186,205,63671,0.7903485254804102,0.8828990715818239,0.8879518072356656,0.8779035140036985,0.9970872418059147,0.9940338134765716
11236-7,Otsu,664,32925,7,31940,0.01976425765263792,0.03876240513999194,0.01976837655476564,0.9895678092414951,0.4924073074855586,0.4974975585945168
11236-7,Adaptive,658,21832,13,43033,0.029240545709331017,0.05681965373232235,0.029257447758873907,0.980625931448491,0.6634240345337803,0.6666717529301961
11236-7,Canny,640,5576,31,59289,0.10244917561865777,0.18585741252815657,0.1029601029745341,0.9538002980694783,0.9140368457567039,0.9144439697266931
11236-7,Blackhat,661,16760,10,48105,0.03792094544754792,0.07307097059986142,0.0379427128233859,0.985096870344993,0.7416172049645546,0.7441101074222655
11236-7,UNet_no_TAFE,640,575,31,64290,0.5136436597501088,0.6786850477370793,0.5267489712323663,0.9538002980694783,0.9911354351345238,0.9907531738281391
11236-7,TAFE_channel,545,167,126,64698,0.6503579952684537,0.7881417209119204,0.7654494382351896,0.812220566346912,0.9974254220303748,0.9955291748046943
11236-7,TAFE_spatial,588,249,83,64616,0.6391304348218336,0.7798408488209655,0.7025089606090192,0.876304023863442,0.9961612579973851,0.9949340820312578
11236-7,TAFE_full,525,150,146,64715,0.6394640682534148,0.7800891530624006,0.7777777778106996,0.782414307036898,0.9976875048177019,0.9954833984375069
11239-1,Otsu,762,7465,0,57309,0.09262185487914644,0.16954054956981265,0.09262185487914644,1.0,0.8847531416928324,0.8860931396486114
11239-1,Adaptive,761,19927,1,44847,0.03678283146098515,0.07095571096004216,0.03678460944007741,0.998687664042167,0.6923611325536598,0.695922851562964
11239-1,Canny,757,1713,5,63061,0.305858585886632,0.46844059407585276,0.3064777328216001,0.9934383202108349,0.9735542038472634,0.973785400390665
11239-1,Blackhat,762,9017,0,55757,0.07792207793150707,0.14457831326112722,0.07792207793150707,1.0,0.860792910736004,0.8624114990236474
11239-1,UNet_no_TAFE,731,1392,31,63382,0.3393686165580609,0.5067590988039252,0.3443240697435552,0.9593175853071761,0.9785098959459374,0.9782867431640956
11239-1,TAFE_channel,592,83,170,64691,0.7005917160117643,0.8239387613205331,0.8770370370552538,0.7769028871683854,0.9987186216691902,0.9961395263671934
11239-1,TAFE_spatial,616,115,146,64659,0.7023945268298296,0.82518419291191,0.8426812585714526,0.8083989501563781,0.998224596288637,0.9960174560546936
11239-1,TAFE_full,583,72,179,64702,0.6990407674221774,0.8228652081988098,0.8900763358946449,0.7650918635478882,0.9988884428937553,0.9961700439453184
11239-2,Otsu,1054,6885,4,57593,0.13269545512863282,0.23430032233817602,0.13276231264475674,0.9962192816638734,0.8932193926612283,0.8948822021485979
11239-2,Adaptive,1045,20284,13,44194,0.04896448318316482,0.09335775227099048,0.048994326977125066,0.9877126654075886,0.6854120785389041,0.6902923583989101
11239-2,Canny,891,3123,167,61355,0.21310691224077716,0.3513406940190982,0.22197309418978642,0.842155009466715,0.9515648748411062,0.9497985839844516
11239-2,Blackhat,1043,2267,15,62211,0.3136842105469569,0.4775641025760631,0.3151057402019606,0.9858223062395253,0.9648407208660864,0.9651794433594282
11239-2,UNet_no_TAFE,1016,1517,42,62961,0.39456310681962864,0.5658590921869714,0.4011054086300393,0.9603024574706708,0.9764725953038611,0.9762115478515988
11239-2,TAFE_channel,757,91,301,64387,0.6588337685240353,0.7943336831167715,0.8926886792579376,0.7155009452064743,0.99858866590155,0.9940185546875091
11239-2,TAFE_spatial,885,210,173,64268,0.6979495268377011,0.8221086855633021,0.8082191780997059,0.836483931962525,0.9967430751574231,0.9941558837890714
11239-2,TAFE_full,807,115,251,64363,0.6879795396685439,0.8151515151608509,0.8752711496881485,0.7627599244080566,0.9982164459195412,0.9944152832031335
11239-3,Otsu,1112,11486,0,52938,0.08826797905152986,0.16221735959764974,0.08826797905152986,1.0,0.8217124053150663,0.8247375488283925
11239-3,Adaptive,1099,19847,13,44577,0.052435707815008184,0.09964638680252222,0.05246825169935802,0.988309352519037,0.6919315782942818,0.6969604492192124
11239-3,Canny,974,4038,138,60386,0.18912621360797813,0.318092749847843,0.19433359937760708,0.8758992805866996,0.937321495095093,0.9362792968750973
11239-3,Blackhat,1105,3849,7,60575,0.22273735135612305,0.3643257500929059,0.22305207914366065,0.9937050359717892,0.9402551844034207,0.9411621093750898
11239-3,UNet_no_TAFE,1060,1100,52,63324,0.4792043399873778,0.6479217604019584,0.4907407407643176,0.9532374100761477,0.9829256177822194,0.9824218750000269
11239-3,TAFE_channel,802,103,310,64321,0.6600823045547257,0.7952404561331066,0.8861878453164433,0.7212230216078036,0.9984012169377896,0.9936981201171972
11239-3,TAFE_spatial,917,215,195,64209,0.6910324039418965,0.8172905525928125,0.81007067139487,0.8246402877855539,0.9966627343847065,0.9937438964843845
11239-3,TAFE_full,806,113,306,64311,0.6579591837013911,0.7936976858791878,0.8770402611668073,0.7248201439096384,0.9982459952812643,0.9936065673828223
11240-1,Otsu,4258,17564,72,43642,0.19448250662649819,0.32563475069086256,0.19512418660436656,0.9833718244807536,0.7130346698040829,0.7308959960941607
11240-1,Adaptive,4117,22206,213,39000,0.15514772385003334,0.2686197109605304,0.15640314554132734,0.9508083140888959,0.6371924321150914,0.6579132080083345
11240-1,Canny,2510,38669,1820,22537,0.05837345054755139,0.11030785119622424,0.06095339857922496,0.5796766743746032,0.3682155344257618,0.3821868896493802
11240-1,Blackhat,4133,7250,197,53956,0.3569084628725655,0.5260612231940046,0.3630853026498894,0.954503464204284,0.8815475606968572,0.8863677978517359
11240-1,UNet_no_TAFE,4290,3265,40,57941,0.5648452929616216,0.7219183845206402,0.5678358702903,0.9907621247115297,0.9466555566448606,0.9495697021485144
11240-1,TAFE_channel,3507,91,823,61115,0.7932594435694806,0.8847124117068023,0.9747081712069287,0.8099307159397244,0.998513217658402,0.9860534667968963
11240-1,TAFE_spatial,4134,1329,196,59877,0.7305177593261969,0.8442765240493794,0.7567270730412461,0.9547344110864957,0.9782864425056722,0.976730346679723
11240-1,TAFE_full,3538,101,792,61105,0.7984653577116122,0.887940770487038,0.9722451222871051,0.8170900692882889,0.998349834983501,0.9863739013672083
11240-10,Otsu,1937,23956,30,39613,0.07472128997772357,0.13905240488464088,0.07480786313260415,0.984748347738447,0.6231496484141277,0.6340026855474334
11240-10,Adaptive,1913,24777,54,38792,0.07153006282129999,0.13351013714229154,0.0716747845669851,0.9725470259292045,0.6102345482867274,0.6211090087896406
11240-10,Canny,1741,38034,226,25535,0.04352391190459358,0.08341718173761818,0.04377121307594275,0.8851042196296337,0.4016895027459899,0.41619873046964084
11240-10,Blackhat,1929,16499,38,47070,0.10446225495990219,0.18916401079093323,0.10467766442856155,0.9806812404686995,0.7404552533471653,0.7476654052738225
11240-10,UNet_no_TAFE,1779,2031,188,61538,0.44497248625700425,0.6158906006644298,0.4669291338722591,0.9044229791609343,0.9680504648492693,0.9661407470703641
11240-10,TAFE_channel,1301,215,666,63354,0.5962419798535179,0.7470571346612961,0.8581794195344209,0.6614133197935225,0.9966178483223008,0.986557006835958
11240-10,TAFE_spatial,1685,836,282,62733,0.6011416339778402,0.7508912656026985,0.6683855612983585,0.8566344687414014,0.9868489358020626,0.982940673828151
11240-10,TAFE_full,1296,223,671,63346,0.5917808219364484,0.7435456110228472,0.8531928900689142,0.6588713777499303,0.9964920008180143,0.9863586425781458
11240-11,Otsu,697,23730,10,41099,0.028522322711345405,0.0554627198255134,0.028533999267087506,0.9858557284319864,0.6339601104449645,0.6377563476568028
11240-11,Adaptive,682,25800,25,39029,0.02572905270673509,0.050167347092389694,0.025753341896285198,0.9646393210799662,0.6020299557303027,0.6059417724615388
11240-11,Canny,655,31099,52,33730,0.02059359869514999,0.04035611965423014,0.020627322545126194,0.9264497878463296,0.5202918446998716,0.5246734619147878
11240-11,Blackhat,694,20698,13,44131,0.03242233123554112,0.0628082718717462,0.03244203440990818,0.9816124469615825,0.680729303244411,0.6839752197270447
11240-11,UNet_no_TAFE,526,625,181,64204,0.39489489494032315,0.5662002153086007,0.45699391837906217,0.743988684618955,0.9903592528035442,0.9877014160156438
11240-11,TAFE_channel,381,62,326,64767,0.49544863465598854,0.6626086956815123,0.8600451467584548,0.5388967468827587,0.9990436378781116,0.994079589843759
11240-11,TAFE_spatial,505,241,202,64588,0.5327004219902215,0.6951135581765234,0.6769436997752086,0.7142857143261265,0.9962825278810467,0.9932403564453228
11240-11,TAFE_full,392,51,315,64778,0.5171503958420647,0.6817391304624574,0.884875846527116,0.5544554456075735,0.9992133150287692,0.9944152832031335
11240-12,Otsu,431,27121,19,37965,0.015632367346067853,0.03078351546664244,0.015643147506476326,0.9577777777871604,0.5833051654740139,0.5858764648443819
11240-12,Adaptive,437,25239,13,39847,0.017011172100833,0.03345326495049585,0.01701978501707034,0.9711111111175309,0.612220754079814,0.614685058594338
11240-12,Canny,409,28787,41,36299,0.01398912337444338,0.027592255282238437,0.014008768327805149,0.9088888889091358,0.557708262914363,0.5601196289069212
11240-12,Blackhat,445,21983,5,43103,0.019836847505818052,0.03890200192744601,0.019841269845640087,0.9888888888913581,0.6622468733680634,0.6644897460942619
11240-12,UNet_no_TAFE,308,342,142,64744,0.38888888896604945,0.56000000004,0.47384615392710067,0.6844444445145679,0.9947454137602637,0.9926147460937613
11240-12,TAFE_channel,227,74,223,65012,0.4332061069783958,0.6045272969900763,0.7541528240019425,0.5044444445545678,0.9988630427434488,0.9954681396484444
11240-12,TAFE_spatial,291,156,159,64930,0.4801980198877562,0.6488294314772766,0.6510067114874706,0.6466666667451852,0.9976031711888922,0.9951934814453198
11240-12,TAFE_full,230,67,220,65019,0.44487427476888314,0.6157965194624102,0.7744107744867303,0.5111111112197531,0.9989705927542037,0.9956207275390692
11240-2,Otsu,3367,19048,48,43073,0.1498909317582251,0.2607046070489326,0.15021191167008605,0.9859443631043647,0.693372611516728,0.7086181640629446
11240-2,Adaptive,3236,23898,179,38223,0.11847838026171244,0.21185636191295343,0.11925996904577554,0.9475841874100268,0.6152991741929213,0.632614135742748
11240-2,Canny,2139,39137,1276,22984,0.05026790750364197,0.09572397127140649,0.05182188196760388,0.6263543191910291,0.369987604836738,0.38334655761812847
11240-2,Blackhat,3319,10834,96,51287,0.23292862657566896,0.3778460837922481,0.234508584757758,0.9718887262087295,0.8255984288729648,0.8332214355471295
11240-2,UNet_no_TAFE,3345,2213,70,59908,0.5943496801777834,0.74557004346656,0.6018351925224571,0.9795021961938652,0.9643759759180239,0.9651641845703657
11240-2,TAFE_channel,2669,76,746,62045,0.7645373818457595,0.8665584415606078,0.9723132969044694,0.7815519765803353,0.998776581188328,0.9874572753906441
11240-2,TAFE_spatial,3202,694,213,61427,0.7792650279927168,0.8759403638370136,0.8218685831667898,0.9376281112756185,0.9888282545355213,0.9861602783203336
11240-2,TAFE_full,2735,88,680,62033,0.7807593491355763,0.8768836165457377,0.968827488488529,0.8008784773118337,0.9985834097970113,0.9882812500000179
11240-3,Otsu,2754,24940,47,37795,0.0992754406867118,0.18061977373608584,0.09944392287463188,0.9832202784725733,0.602454770065191,0.6187286376958943
11240-3,Adaptive,2618,26056,183,36679,0.09072322140523711,0.16635424940693772,0.09130222501537524,0.9346661906485303,0.5846656571298563,0.5996246337896735
11240-3,Canny,1703,42821,1098,19914,0.03732848187489078,0.07197041732895515,0.03824903423089065,0.6079971438911819,0.31743046146598003,0.32984924316508507
11240-3,Blackhat,2743,16359,58,46376,0.14316283925290624,0.2504679724272909,0.14359752905903256,0.9792931096044523,0.7392364708699463,0.7494964599613197
11240-3,UNet_no_TAFE,2742,2220,59,60515,0.5461063533251124,0.7064279273514565,0.552599758171048,0.9789360942528048,0.9646130549135815,0.9652252197266156
11240-3,TAFE_channel,2199,124,602,62611,0.7517948718033575,0.858313817332976,0.9466207490337227,0.78507675830828,0.9980234318960739,0.9889221191406419
11240-3,TAFE_spatial,2626,797,175,61938,0.7298499166278529,0.8438303341927406,0.7671633070474098,0.9375223134617093,0.9872957679126687,0.9851684570312726
11240-3,TAFE_full,2263,147,538,62588,0.7676390773484518,0.868547303782987,0.9390041493801243,0.807925740813712,0.9976568103929263,0.9895477294922035
11240-4,Otsu,2372,28643,30,34491,0.0764052182345743,0.1419636711878925,0.07647912300797523,0.9875104079938588,0.5463141888688404,0.5624847412116051
11240-4,Adaptive,2244,26902,158,36232,0.07657657657972776,0.14225941422866026,0.0769916969770226,0.93422148210099,0.5738904552229007,0.58709716796938
11240-4,Canny,1362,42565,1040,20569,0.030288878513064495,0.058796865895964084,0.031005987208252317,0.5670274771204402,0.32579909399162765,0.33464050293070274
11240-4,Blackhat,2366,17031,36,46103,0.12175165955271057,0.21707417771816562,0.1219776254105172,0.9850124895926307,0.7302404409672597,0.7395782470707098
11240-4,UNet_no_TAFE,2380,2070,22,61064,0.5322003577922138,0.6946876824329439,0.5348314606846105,0.9908409658621632,0.9672125954319903,0.9680786132812987
11240-4,TAFE_channel,2067,134,335,63000,0.8150630914899423,0.898109928309839,0.9391185824652831,0.8605328892647571,0.9978775303323124,0.9928436279296984
11240-4,TAFE_spatial,2294,860,108,62274,0.7032495401685086,0.825773938088089,0.7273303741367365,0.9550374687778919,0.9863781797446917,0.9852294921875225
11240-4,TAFE_full,2023,122,379,63012,0.801505546759053,0.8898174620653218,0.9431235431261948,0.8422148209890835,0.9980676022428516,0.9923553466796992
11240-5,Otsu,3508,13252,72,48704,0.20841254753321997,0.34493608653222746,0.2093078758997058,0.9798882681569864,0.7861062689654172,0.7966918945315602
11240-5,Adaptive,3419,22544,161,39412,0.1308758230013364,0.2314592289231579,0.13168740130519704,0.95502793296215,0.6361288656471752,0.6535491943364662
11240-5,Canny,2065,24365,1515,37591,0.0738951511931512,0.13762079307185063,0.07813091184609106,0.5768156424699213,0.6067370391897366,0.6051025390631025
11240-5,Blackhat,3380,5059,200,56897,0.39124898715833717,0.5624427989053794,0.40052138879724464,0.944134078213851,0.918345277293695,0.919754028320435
11240-5,UNet_no_TAFE,3458,2272,122,59684,0.5909090909160816,0.7428571428599048,0.6034904014030804,0.9659217877104491,0.9633288139970894,0.9634704589844307
11240-5,TAFE_channel,3060,227,520,61729,0.8037825059153196,0.8912188728718331,0.9309400669324326,0.8547486033560125,0.9963361094970683,0.9886016845703299
11240-5,TAFE_spatial,3304,893,276,61063,0.7386541471106941,0.8496849684987825,0.7872289730810763,0.9229050279351144,0.9855865452902293,0.9821624755859647
11240-5,TAFE_full,2975,188,605,61768,0.7895435244217213,0.8823965593966722,0.9405627568782623,0.8310055865968993,0.9969655884821536,0.9878997802734559
11240-6,Otsu,3357,14415,56,47708,0.18829930446943963,0.3169223507230733,0.18889264011259907,0.9835921476711517,0.7679603367516573,0.7791900634768995
11240-6,Adaptive,3273,23699,140,38424,0.12072145175892326,0.21543524765767505,0.12134806466290468,0.9589803691778793,0.6185148817674315,0.6362457275396175
11240-6,Canny,2019,32483,1394,29640,0.05624582126405102,0.10650138467860608,0.0585183467652353,0.5915616759568837,0.47711797562983577,0.48307800293047626
11240-6,Blackhat,3301,7144,112,54979,0.3126835275237976,0.4764035214354423,0.3160363810501097,0.9671842953423034,0.8850023340793507,0.889282226562669
11240-6,UNet_no_TAFE,3294,2484,119,59639,0.5585891131158455,0.7167881623357981,0.5700934579513657,0.9651333138011974,0.9600148093299422,0.9602813720703731
11240-6,TAFE_channel,2781,199,632,61924,0.7699335548236452,0.8700140778997338,0.933221476512308,0.8148256665744265,0.9967966775590412,0.9873199462890818
11240-6,TAFE_spatial,3143,887,270,61236,0.7309302325643969,0.8445519279881156,0.7799007444223349,0.92089071198591,0.9857218743460784,0.9823455810547145
11240-6,TAFE_full,2775,196,638,61927,0.7689110557005012,0.8693609022576855,0.9340289464848862,0.8130676823963355,0.996844968852121,0.9872741699218944
11240-7,Otsu,2320,22360,16,40840,0.09394233884396685,0.17175007403327008,0.09400324149475686,0.9931506849318,0.6462025316461294,0.658569335938021
11240-7,Adaptive,2263,24103,73,39097,0.0855932523957578,0.15768935962944153,0.08583023591335116,0.9687500000013377,0.6186234177221225,0.6311035156255629
11240-7,Canny,1708,30948,628,32252,0.0513159476053019,0.0976223136742752,0.05230279275155469,0.7311643835731523,0.5103164556969774,0.5181884765632352
11240-7,Blackhat,2312,13232,24,49968,0.14850976362314677,0.2586129753956453,0.14873906330964526,0.9897260273977001,0.7906329113927364,0.7977294921878086
11240-7,UNet_no_TAFE,2183,1428,153,61772,0.5799681190334759,0.7341516731169639,0.6045416782164347,0.9345034246603381,0.977405063291175,0.9758758544922244
11240-7,TAFE_channel,1840,180,496,63020,0.7313195548596456,0.8448117539062256,0.9108910891133222,0.7876712328858019,0.9971518987341818,0.9896850585937658
11240-7,TAFE_spatial,2074,559,262,62641,0.7164075993189496,0.8347756087777264,0.7876946448998217,0.8878424657582259,0.9911550632911532,0.9874725341797066
11240-7,TAFE_full,1798,150,538,63050,0.7232502011374398,0.8394024276414705,0.9229979466158625,0.769691780831777,0.9976265822784848,0.989501953125016
11240-8,Otsu,2744,23663,35,39094,0.10377429846795334,0.1880353594216815,0.10391184156055625,0.9874055415621661,0.6229424606026054,0.6383972167974268
11240-8,Adaptive,2689,24201,90,38556,0.09966641957338893,0.18126664195226913,0.10000000000334697,0.9676142497312841,0.6143697117459178,0.629348754883378
11240-8,Canny,2084,39307,695,23450,0.04951765432911296,0.09436268961038179,0.05034910971213464,0.749910039591583,0.37366349570665636,0.38961791992280637
11240-8,Blackhat,2735,14857,44,47900,0.1550805171288553,0.2685189730535147,0.15546839472967558,0.9841669665352945,0.7632614688405066,0.7726287841800344
11240-8,UNet_no_TAFE,2625,2463,154,60294,0.5007630675410003,0.66734460404643,0.5159198113302689,0.9445843828735306,0.9607533820928968,0.9600677490234985
11240-8,TAFE_channel,1976,152,803,62605,0.6741726373362616,0.8053800692927373,0.9285714285747853,0.711047139269124,0.9975779594308243,0.9854278564453347
11240-8,TAFE_spatial,2478,1035,301,61722,0.6497115888922467,0.7876668785793441,0.7053800170878058,0.891687657434628,0.9835078158612051,0.9796142578125311
11240-8,TAFE_full,2028,177,751,62580,0.6860622462893755,0.813804173358471,0.9197278911601031,0.7297589060910487,0.9971795974951047,0.9858398437500216
11240-9,Otsu,2241,26689,48,36558,0.0773345296463616,0.14356641788928676,0.07746284134435719,0.979030144168675,0.5780195108075039,0.59202575683656
11240-9,Adaptive,2233,25353,56,37894,0.08078286665552137,0.14948953975180088,0.08094685710475985,0.9755351681967874,0.5991430423583741,0.6122894287115291
11240-9,Canny,1909,43636,380,19611,0.0415677735459084,0.07981770289108203,0.04191458996807133,0.8339886413353436,0.310070042848973,0.32836914062602485
11240-9,Blackhat,2246,18352,43,44895,0.10881255753544491,0.19626862411326834,0.10903971259778113,0.9812145041511047,0.7098360396545135,0.7193145751957408
11240-9,UNet_no_TAFE,2139,2323,150,60924,0.4637901127609759,0.6336838986871028,0.47938144331063687,0.9344692005271092,0.9632709851851261,0.9622650146484951
11240-9,TAFE_channel,1359,147,930,63100,0.5578817734171642,0.716205533604316,0.9023904382534933,0.5937090432680775,0.9976757790883399,0.9835662841797126
11240-9,TAFE_spatial,2007,1088,282,62159,0.5943144803199789,0.7455423477016058,0.6484652665703243,0.8768020969909655,0.9827976030483931,0.9790954589844069
11240-9,TAFE_full,1520,175,769,63072,0.6168831168986655,0.7630522088412889,0.896755162247979,0.6640454347023135,0.9972330703432618,0.985595703125022
11247-1,Otsu,2920,274,686,61656,0.7525773195940058,0.8588235294138409,0.9142141515368123,0.8097615086020588,0.9955756499273445,0.9853515625000223
11247-1,Adaptive,3030,14006,576,47924,0.1720417896935496,0.29357620385963773,0.17785865227061598,0.8402662229661602,0.7738414338773231,0.7774963378909645
11247-1,Canny,1673,1091,1933,60839,0.3561847988214566,0.5252747252821778,0.6052821997248451,0.4639489739472006,0.9823833360245723,0.9538574218750704
11247-1,Blackhat,2813,343,793,61587,0.7123322360164008,0.8320023661663413,0.8913181242113017,0.7800887409933419,0.9944614887776612,0.9826660156250264
11247-1,UNet_no_TAFE,417,7,3189,61923,0.11541655136685812,0.20694789083853726,0.9834905660416295,0.11564059902618858,0.9998869691587278,0.9512329101563244
11247-1,TAFE_channel,957,59,2649,61871,0.2611186903339395,0.4141064474380332,0.9419291338639834,0.26539101499541345,0.9990473114807056,0.9586791992188131
11247-1,TAFE_spatial,412,3,3194,61927,0.11415904685192134,0.20492414824160846,0.9927710843390913,0.1142540211005476,0.9999515582108833,0.9512176513672619
11247-1,TAFE_full,935,16,2671,61914,0.25814467147271825,0.41035769147662154,0.9831756046284779,0.2592900721225932,0.9997416437913778,0.9589996337891251
11247-10,Otsu,1453,30981,4,33098,0.04479314384658489,0.08574547815323907,0.04479866806732195,0.9972546328073264,0.5165186722646787,0.5272064208991589
11247-10,Adaptive,1408,14716,49,49363,0.08705867804929786,0.1601729139459634,0.08732324485805432,0.9663692518897482,0.7703459791823056,0.7747039794925312
11247-10,Canny,835,1270,622,62809,0.30619728642074817,0.4688377316263662,0.39667458435170194,0.5730954015392522,0.9801807144306556,0.9711303710937941
11247-10,Blackhat,1396,493,61,63586,0.7158974359120053,0.8344291691621509,0.7390153520519315,0.9581331503117273,0.9923063718222939,0.9915466308593879
11247-10,UNet_no_TAFE,578,123,879,63956,0.3658227848502643,0.5356811863051122,0.8245363766298807,0.3967055594099721,0.9980804943897407,0.9847106933593983
11247-10,TAFE_channel,780,105,677,63974,0.4993597951664942,0.6660973527042657,0.881355932216796,0.5353466026399899,0.9983613976497786,0.9880676269531432
11247-10,TAFE_spatial,609,73,848,64006,0.3980392157256183,0.5694249649570162,0.8929618768485393,0.41798215515319265,0.9988607812231795,0.9859466552734589
11247-10,TAFE_full,736,69,721,64010,0.48230668417547135,0.6507515473187113,0.9142857142963621,0.5051475635205801,0.9989232041698545,0.9879455566406434
11247-12,Otsu,793,25378,5,39360,0.030294926654071304,0.05880826134058064,0.030300714535056738,0.9937343358403842,0.6079891253983627,0.6126861572271535
11247-12,Adaptive,763,16864,35,47874,0.04320009059538444,0.08282225237946908,0.04328586827569475,0.9561403508826892,0.7395038462730706,0.742141723633206
11247-12,Canny,498,816,300,63922,0.30855018591644673,0.4715909091159285,0.37899543383721496,0.6240601504230502,0.9873953474003099,0.982971191406276
11247-12,Blackhat,792,15146,6,49592,0.04967385851072708,0.09464627151592588,0.04969255867078872,0.992481203008461,0.7660415829964379,0.7687988281253528
11247-12,UNet_no_TAFE,180,30,618,64708,0.21739130444234406,0.3571428572066327,0.8571428572108843,0.22556390987148323,0.9995365936544232,0.9901123046875151
11247-12,TAFE_channel,296,30,502,64708,0.35748792278291214,0.526690391501184,0.9079754601509278,0.37092731837457055,0.9995365936544232,0.9918823242187624
11247-12,TAFE_spatial,167,16,631,64722,0.2051597052573514,0.34046890934347923,0.9125683060587059,0.20927318305648207,0.9997528499490257,0.9901275634765776
11247-12,TAFE_full,260,13,538,64725,0.32059186198266443,0.48552754439911033,0.9523809523983953,0.3258145364253366,0.9997991905835834,0.9915924072265754
11247-2,Otsu,3046,463,403,61624,0.7786298568563745,0.8755389479753444,0.8680535765212866,0.8831545375505029,0.99254272230903,0.9867858886718952
11247-2,Adaptive,3129,14214,320,47873,0.1771499745276728,0.30098114659820613,0.18041861270149095,0.9072194839110693,0.7710631855303509,0.7782287597659634
11247-2,Canny,1448,1337,2001,60750,0.3025491015607491,0.4645492460785282,0.51992818673178,0.41983183533140533,0.9784657013545855,0.9490661621094527
11247-2,Blackhat,2939,551,510,61536,0.7347500000066313,0.8470961233629183,0.8421203438440653,0.8521310524832667,0.9911253563548068,0.9838104248047123
11247-2,UNet_no_TAFE,706,22,2743,62065,0.2033995966809738,0.33804165670725306,0.9697802197843709,0.20469701365019724,0.9996456585114442,0.9578094482422519
11247-2,TAFE_channel,1181,59,2268,62028,0.33665906501320814,0.5037321390594214,0.9524193548425468,0.34241809221970376,0.9990497205534186,0.9644927978516167
11247-2,TAFE_spatial,704,8,2745,62079,0.20364477873290007,0.33838019708391304,0.9887640449453983,0.20411713542464144,0.9998711485496161,0.9579925537110016
11247-2,TAFE_full,1091,12,2358,62075,0.31522681307959477,0.47934973639105116,0.9891205802367071,0.316323572069692,0.9998067228244241,0.9638366699219302
11247-3,Otsu,2903,32241,27,30365,0.08253959228033737,0.15249251457910254,0.08260300478294273,0.9907849829354681,0.48501741047266234,0.5076293945320013
11247-3,Adaptive,2705,13660,225,48946,0.16305003014368263,0.2803835190501146,0.16529178124555274,0.9232081911289007,0.7818100501552857,0.7881317138675108
11247-3,Canny,1014,1011,1916,61595,0.25729510278464107,0.409283551979631,0.5007407407653954,0.34607508534655035,0.9838513880459,0.9553375244141307
11247-3,Blackhat,2556,571,374,62035,0.7300771208303319,0.8439821693933633,0.8173968660115959,0.8723549488098172,0.9908794684215716,0.9855804443359595
11247-3,UNet_no_TAFE,374,10,2556,62596,0.1272108843834282,0.22570911287792067,0.9739583333401151,0.12764505122431247,0.9998402709005529,0.9608459472656847
11247-3,TAFE_channel,604,26,2326,62580,0.20433017594031358,0.3393258427151875,0.9587301587367095,0.2061433447369917,0.9995847043414375,0.9641113281250547
11247-3,TAFE_spatial,347,1,2583,62605,0.11838962814335076,0.21171446006065545,0.997126436782435,0.11843003415978055,0.9999840270900553,0.9605712890625602
11247-3,TAFE_full,519,3,2411,62603,0.1769519263833293,0.3006952491511966,0.9942528735643194,0.17713310583013198,0.9999520812701659,0.9631652832031812
11247-4,Otsu,2541,503,408,62084,0.7360950173888733,0.8479893208768898,0.834756898822774,0.8616480162813954,0.9919631872433701,0.9860992431640837
11247-4,Adaptive,2701,13359,248,49228,0.16562423351014455,0.28418117734081655,0.1681818181869976,0.9159036961710443,0.7865531180600019,0.7923736572268794
11247-4,Canny,908,1153,2041,61434,0.22135543639148328,0.3624750499129247,0.440562833603078,0.307900983407667,0.9815776439196933,0.9512634277344494
11247-4,Blackhat,2463,619,486,61968,0.6903026905916395,0.8167799701572412,0.7991563919597937,0.8351983723351917,0.9901097672040677,0.9831390380859633
11247-4,UNet_no_TAFE,0,0,2949,62587,3.3909799931030524e-11,3.3909799931030524e-11,1.0,3.3909799931030524e-11,1.0,0.9550018310547561
11247-4,TAFE_channel,193,3,2756,62584,0.06537940382569853,0.12273449923298142,0.9846938775588296,0.06544591390079872,0.9999520667231215,0.9579010009766268
11247-4,TAFE_spatial,6,0,2943,62587,0.0020345880297716317,0.004060913739287278,1.0,0.0020345880297716317,1.0,0.955093383789131
11247-4,TAFE_full,186,4,2763,62583,0.06298679312350197,0.11850907935270759,0.9789473684321329,0.06307222790562658,0.999936088964162,0.9577789306641269
11247-5,Otsu,2350,42748,15,20423,0.05209141489359587,0.09902450329920354,0.05210874096622442,0.9936575052856804,0.32329708252311457,0.34748840332130815
11247-5,Adaptive,2109,13512,256,49659,0.1328336587571151,0.23451573446439164,0.13501056270958958,0.8917547568756129,0.7861043833407955,0.7899169921878205
11247-5,Canny,884,1232,1481,61939,0.24576035587306755,0.39455478689144047,0.41776937620899013,0.3737843552061825,0.9804973801269878,0.9586029052735007
11247-5,Blackhat,2021,1158,344,62013,0.5736588135233137,0.7290764790813659,0.6357345077182845,0.8545454545516049,0.9816688037232565,0.97708129882816
11247-5,UNet_no_TAFE,89,6,2276,63165,0.03753690430039912,0.07235772361494482,0.9368421053296399,0.037632135347246,0.9999050197084106,0.9651794433594282
11247-5,TAFE_channel,343,10,2022,63161,0.14442105266760336,0.25239146433949994,0.9716713881100081,0.14503171250972383,0.9998416995140178,0.9689941406250473
11247-5,TAFE_spatial,97,4,2268,63167,0.040945546684637166,0.07866991082406043,0.9603960396431722,0.04101479919488309,0.9999366798056071,0.9653320312500528
11247-5,TAFE_full,303,6,2062,63165,0.12779417970781132,0.22662677639391823,0.9805825242781286,0.12811839327153834,0.9999050197084106,0.9684448242187982
11247-6,Otsu,2408,33981,51,29096,0.06608122942078462,0.1239703459660112,0.0661738437465548,0.979259861733255,0.46127748624782205,0.48071289062579237
11247-6,Adaptive,2254,13434,205,49643,0.14182344428904659,0.2484157161004661,0.14367669556894647,0.9166327775552406,0.7870222109488609,0.79188537597688
11247-6,Canny,1068,820,1391,62257,0.32570905766008823,0.49137336095027895,0.5656779661246992,0.4343228955089743,0.9870000158536598,0.966262817382864
11247-6,Blackhat,2202,481,257,62596,0.7489795918452727,0.856476079349349,0.8207230711956495,0.8954859699107163,0.9923743995434273,0.9887390136718922
11247-6,UNet_no_TAFE,117,0,2342,63077,0.04758031724084667,0.09083850935206372,1.0,0.04758031724084667,1.0,0.9642639160156795
11247-6,TAFE_channel,265,4,2194,63073,0.10759236706830727,0.19428152495622136,0.9851301115296914,0.10776738515218516,0.9999365854431885,0.9664611816406762
11247-6,TAFE_spatial,111,0,2348,63077,0.04514030097417079,0.08638132299274781,1.0,0.04514030097417079,1.0,0.9641723632813046
11247-6,TAFE_full,234,5,2225,63072,0.09496753250426268,0.17346182360365228,0.9790794979167031,0.09516063444102642,0.9999207318039858,0.965972900390677
11247-7,Otsu,2747,27321,105,35363,0.0910416597650514,0.1668894289211212,0.09135958494382279,0.9631837307165784,0.5641471507887752,0.5815124511725136
11247-7,Adaptive,2421,13412,431,49272,0.14885636990193765,0.2591383462710241,0.1529084822891877,0.8488779803699552,0.78603790440976,0.7887725830081348
11247-7,Canny,989,1078,1863,61606,0.2516539440393981,0.4021142508761514,0.47847121434550216,0.34677419357129124,0.9828026290600747,0.955123901367256
11247-7,Blackhat,2147,484,705,62200,0.6435851319051683,0.7831479117311116,0.8160395287033052,0.7528050490970265,0.9922787314147274,0.9818572998047151
11247-7,UNet_no_TAFE,72,9,2780,62675,0.025166025899155328,0.049096488269720545,0.8888888890260631,0.025245441829409347,0.9998564226915961,0.9574432373047524
11247-7,TAFE_channel,552,25,2300,62659,0.19186652766104043,0.3219597550503949,0.9566724436816859,0.1935483871250509,0.9996011741433227,0.9645233154297417
11247-7,TAFE_spatial,84,9,2768,62675,0.02936036354318908,0.057045840439489105,0.9032258065556712,0.029453015461800385,0.9998564226915961,0.9576263427735021
11247-7,TAFE_full,549,20,2303,62664,0.1911559888861018,0.32095878400114125,0.9648506151204129,0.19249649371695313,0.9996809393146582,0.9645538330078666
11247-8,Otsu,2612,27919,68,34937,0.08536226674373226,0.15729728102388577,0.08555238937772902,0.9746268656725885,0.5558260150191615,0.5729522705084641
11247-8,Adaptive,2239,12214,441,50642,0.1503289915459223,0.26136695266875987,0.15491593441392848,0.8354477612001698,0.8056828305972291,0.8069000244143572
11247-8,Canny,1080,908,1600,61948,0.3010033445010869,0.4627249357441576,0.5432595573670392,0.4029850746491424,0.9855542828051649,0.9617309570313084
11247-8,Blackhat,2030,363,650,62493,0.667104830770059,0.8003153952335834,0.8483075637338777,0.7574626865762142,0.9942248949981001,0.984542846679711
11247-8,UNet_no_TAFE,259,3,2421,62853,0.09653373093192198,0.17607070023194865,0.9885496183249811,0.09664179107848353,0.9999522718594884,0.9630126953125564
11247-8,TAFE_channel,568,34,2112,62822,0.20928518794365197,0.34613040830755243,0.9435215946937672,0.2119402985368679,0.9994590810742022,0.967254638671925
11247-8,TAFE_spatial,255,3,2425,62853,0.09504286250111656,0.17358747450055864,0.9883720930277626,0.09514925376510637,0.9999522718594884,0.9629516601563065
11247-8,TAFE_full,543,16,2137,62840,0.20140949557858273,0.3352886693629118,0.971377459754673,0.20261194032826074,0.9997454499172717,0.9671478271484877
11247-9,Otsu,1579,29246,8,34703,0.0512113644502604,0.09743304949062867,0.0512246553153245,0.9949590422183391,0.5426668126170188,0.5536193847663061
11247-9,Adaptive,1509,13528,78,50421,0.09983460139530377,0.1815447545766269,0.10035246392830782,0.9508506616288059,0.7884564262149706,0.7923889160159417
11247-9,Canny,709,1185,878,62764,0.25577200579885384,0.4073542085777836,0.3743400211523579,0.4467548834627123,0.9814696085943776,0.9685211181641106
11247-9,Blackhat,1464,666,123,63283,0.6498002663271283,0.7877320419750409,0.6873239436766515,0.9224952741069631,0.9895854509062072,0.9879608154297058
11247-9,UNet_no_TAFE,10,0,1577,63949,0.006301197290088141,0.012523481589697967,1.0,0.006301197290088141,1.0,0.9759368896484742
11247-9,TAFE_channel,184,9,1403,63940,0.1152882206068115,0.20674157307827296,0.9533678756718301,0.11594202904121348,0.9998592628500839,0.9784545898437829
11247-9,TAFE_spatial,19,0,1568,63949,0.011972274794456693,0.023661270297405897,1.0,0.011972274794456693,1.0,0.9760742187500365
11247-9,TAFE_full,222,2,1365,63947,0.13971050980870292,0.24516841528187916,0.9910714285754145,0.1398865785041029,0.9999687250777964,0.9791412353515944
11248-1,Otsu,476,27113,16,37931,0.017243253037430743,0.03390192657300701,0.0172532531116849,0.9674796748033578,0.583159092307387,0.5860443115240691
11248-1,Adaptive,444,15542,48,49502,0.02769115629894168,0.053890035204188065,0.027774302520782095,0.9024390244100734,0.761054055716498,0.7621154785159879
11248-1,Canny,306,819,186,64225,0.23340961104245542,0.37847866423138654,0.2720000000647111,0.6219512195890343,0.9874085234610611,0.9846649169922109
11248-1,Blackhat,478,18618,14,46426,0.025013082161041273,0.04880539106060442,0.025031420197816134,0.9715447154529381,0.713762991206393,0.7156982421879338
11248-1,UNet_no_TAFE,391,120,101,64924,0.6388888889478941,0.7796610169711206,0.765166340554762,0.794715447196196,0.9981550950126097,0.9966278076171926
11248-1,TAFE_channel,376,83,116,64961,0.65391304353845,0.7907465825666933,0.8191721133291564,0.764227642324344,0.9987239407170551,0.9969635009765672
11248-1,TAFE_spatial,357,65,135,64979,0.640933572775416,0.7811816192799582,0.8459715640175423,0.7256097561533313,0.9990006764651636,0.9969482421875047
11248-1,TAFE_full,344,61,148,64983,0.6220614828893198,0.7670011148531771,0.8493827160865722,0.6991869919310596,0.9990621732980766,0.9968109130859424
11248-2,Otsu,755,29109,40,35632,0.025247458537234993,0.04925144329870755,0.025281275117113308,0.9496855345975238,0.5503776586713978,0.5552215576178662
11248-2,Adaptive,631,14777,164,49964,0.04052144876033572,0.0778868110900581,0.04095275182346214,0.7937106918498477,0.7717520582014925,0.7720184326175353
11248-2,Canny,674,1314,121,63427,0.31958274066763476,0.48436938557368425,0.33903420526463607,0.8477987421575096,0.9797037426051811,0.9781036376953459
11248-2,Blackhat,690,10680,105,54061,0.06013071896243894,0.11344019729458742,0.060686015839395896,0.8679245283185001,0.835034985558093,0.8354339599611886
11248-2,UNet_no_TAFE,669,308,126,64433,0.6065276518942404,0.7550790067858307,0.6847492323761771,0.8415094339822,0.9952425819805143,0.9933776855468851
11248-2,TAFE_channel,561,69,234,64672,0.6493055555961452,0.7873684210675531,0.8904761904935752,0.7056603773955145,0.998934214794336,0.9953765869140696
11248-2,TAFE_spatial,550,63,245,64678,0.6410256410674795,0.7812500000155362,0.8972267536872387,0.6918238994098335,0.9990268917687416,0.9953002929687572
11248-2,TAFE_full,493,43,302,64698,0.5883054893092715,0.74079639370843,0.9197761194179523,0.620125786211305,0.9993358150167602,0.9947357177734455
11248-3,Otsu,950,29801,69,34716,0.03082414017186624,0.05980484734321748,0.030893304285939015,0.9322865554531613,0.538090735775783,0.5442199707038204
11248-3,Adaptive,790,14131,229,50386,0.05214521452770861,0.09912170640464792,0.05294551304166647,0.775269872445999,0.7809724568721718,0.7808837890628344
11248-3,Canny,996,1974,23,62543,0.3327764784720088,0.4993732765229538,0.335353535375914,0.9774288518177204,0.9694034130539712,0.969528198242234
11248-3,Blackhat,779,2488,240,62029,0.22212717424516318,0.3635090994082243,0.23844505665018534,0.7644749754892566,0.9614365206070316,0.9583740234375635
11248-3,UNet_no_TAFE,875,360,144,64157,0.6345177665239653,0.7763975155378706,0.708502024315101,0.858684985293554,0.9944200753289917,0.9923095703125118
11248-3,TAFE_channel,624,32,395,64485,0.5937202664515965,0.7450746268808911,0.951219512202558,0.6123650638260681,0.9995040066959103,0.9934844970703225
11248-3,TAFE_spatial,674,34,345,64483,0.6400759734434874,0.7805442964805707,0.9519774011367264,0.6614327772658064,0.9994730071144048,0.9942169189453213
11248-3,TAFE_full,565,25,454,64492,0.541187739507549,0.7022995649656744,0.9576271186512496,0.5544651619671771,0.99961250523118,0.9926910400390736
11249-1,Otsu,2695,22736,8,40097,0.1059396988910494,0.191583137843209,0.10597302505168504,0.9970403255642974,0.6381519265359952,0.6529541015630296
11249-1,Adaptive,2510,19051,193,43782,0.11538107934579671,0.20689086713152452,0.11641389546349235,0.9285978542386756,0.696799452517472,0.7063598632816981
11249-1,Canny,1628,10455,1075,52378,0.12372701019057815,0.22020830515879744,0.13473475131064525,0.6022937477024679,0.8336065443320649,0.8240661621096435
11249-1,Blackhat,2534,2203,169,60630,0.5165103954440173,0.6811827957032099,0.5349377243078965,0.9374768775457833,0.9649388060414672,0.9638061523438052
11249-1,UNet_no_TAFE,2684,2019,19,60814,0.5684032189841507,0.7248177153696352,0.5706995534856326,0.9929707732152064,0.9678672035395924,0.9689025878906724
11249-1,TAFE_channel,2260,126,443,62707,0.7988688582609096,0.8881902141896603,0.9471919530617271,0.8361080281229705,0.9979946843219359,0.9913177490234507
11249-1,TAFE_spatial,2622,748,81,62085,0.7597797739855178,0.863494154456389,0.7780415430332925,0.9700332963385115,0.9880954275619689,0.9873504638672068
11249-1,TAFE_full,2266,90,437,62743,0.8113139992906797,0.8958292152619919,0.9617996604430475,0.8383277839497474,0.9985676316585257,0.9919586181640748
11249-2,Otsu,3056,13802,28,48650,0.18097832524469393,0.3064888175744334,0.18127891802597412,0.99092088197176,0.7789982706722299,0.788970947265947
11249-2,Adaptive,2817,20322,267,42130,0.1203537554510794,0.21484955954995671,0.12174251264479129,0.913424124516426,0.6745980913346656,0.6858367919926669
11249-2,Canny,1760,19772,1324,42680,0.07700385019654794,0.14299642509285423,0.0817388073607573,0.5706874189503669,0.6834048549290921,0.6781005859379912
11249-2,Blackhat,2888,10019,196,52433,0.22040754026390588,0.36120317679093733,0.22375455179961448,0.9364461738023202,0.8395727919044393,0.8441314697268003
11249-2,UNet_no_TAFE,3046,1523,38,60929,0.6611677881558244,0.796027701557611,0.6666666666739622,0.9876783398188171,0.975613270992161,0.9761810302734738
11249-2,TAFE_channel,2352,90,732,62362,0.74102079395901,0.8512486427822793,0.9631449631464724,0.7626459144045834,0.9985588932300029,0.9874572753906441
11249-2,TAFE_spatial,2909,534,175,61918,0.8040353786676607,0.8913742914065976,0.8449027011372378,0.9432555123235001,0.9914494331646841,0.989181518554704
11249-2,TAFE_full,2417,84,667,62368,0.7629419191994021,0.8655326768152993,0.9664134346274925,0.7837224383987119,0.9986549670146694,0.9885406494140799
11249-3,Otsu,2730,4439,63,58304,0.3774889380617051,0.5480827143189311,0.3808062491368279,0.977443609023364,0.9292510718328272,0.9313049316407298
11249-3,Adaptive,2584,19837,209,42906,0.11418471056511627,0.20496549536287392,0.11524909683281187,0.9251700680298901,0.6838372408082434,0.6941223144535917
11249-3,Canny,1615,17472,1178,45271,0.0796940537918594,0.1476234003695264,0.08461256352970811,0.5782312925321078,0.7215306886828466,0.7154235839848092
11249-3,Blackhat,2651,6761,142,55982,0.27747540298013945,0.43441212618243,0.28166170846492067,0.9491586108145664,0.8922429593741258,0.8946685791017233
11249-3,UNet_no_TAFE,2780,1974,13,60769,0.5831760016869483,0.7367165761264514,0.5847707194029287,0.9953455066238688,0.9685383230002255,0.9696807861328588
11249-3,TAFE_channel,2276,119,517,62624,0.7815934066009068,0.8774094063246451,0.9503131524029097,0.8148943788107808,0.9981033740815739,0.9902954101562648
11249-3,TAFE_spatial,2690,702,103,62041,0.7696709585187504,0.8698464025890081,0.79304245283629,0.9631220909429602,0.9888115008845787,0.9877166748047063
11249-3,TAFE_full,2295,116,498,62627,0.7889309040980086,0.8820138355134125,0.9518871837431818,0.8216970998989725,0.9981511881803578,0.9906311035156393
11249-4,Otsu,2727,835,110,61864,0.7426470588305379,0.8523206751077931,0.7655811342008539,0.9612266478688324,0.9866824032281429,0.9855804443359595
11249-4,Adaptive,2645,20335,192,42364,0.11414638357019614,0.20490374559706817,0.11510008703605265,0.9323228762801438,0.6756726582566298,0.6867828369145405
11249-4,Canny,1437,12448,1400,50251,0.09401373896569176,0.17186939361815648,0.10349297804030613,0.5065209728760479,0.8014641381843387,0.7886962890628224
11249-4,Blackhat,2580,2964,257,59735,0.4447509050259481,0.6156783200141309,0.46536796537760877,0.9094113500208174,0.95272651876433,0.9508514404297624
11249-4,UNet_no_TAFE,2784,1613,53,61086,0.625617977536503,0.7696986452893323,0.6331589720347246,0.9813182939731647,0.974273911864664,0.9745788574219137
11249-4,TAFE_channel,2220,177,617,62522,0.7365627073743675,0.8482995796742778,0.9261576971244824,0.7825167430460868,0.9971769884687202,0.9878845214843935
11249-4,TAFE_spatial,2727,503,110,62196,0.8164670658737585,0.8989615955183953,0.8442724458252547,0.9612266478688324,0.991977543501504,0.9906463623047018
11249-4,TAFE_full,2228,161,609,62538,0.743162108080615,0.8526597780357317,0.9326077856872077,0.7853366232010808,0.9974321759517737,0.9882507324218929
11249-5,Otsu,3474,3859,142,58061,0.4647491638867592,0.6345785003230013,0.4737488067711203,0.9607300884966612,0.937677648578912,0.9389495849610306
11249-5,Adaptive,3209,19669,407,42251,0.13781404337926642,0.2422435268391249,0.14026575750004253,0.8874446902685994,0.6823481912149832,0.6936645507817174
11249-5,Canny,1665,10932,1951,50988,0.1144487214798292,0.20539073583417386,0.13217432722765599,0.46045353983792997,0.8234496124033859,0.8034210205081125
11249-5,Blackhat,2754,5192,862,56728,0.31267029973532384,0.4763881681415292,0.3465894789913593,0.7616150442543801,0.916149870801169,0.907623291015766
11249-5,UNet_no_TAFE,3587,1912,29,60008,0.6488784370541085,0.7870543060912006,0.652300418264188,0.991980088495797,0.9691214470284737,0.9703826904297327
11249-5,TAFE_channel,3260,326,356,61594,0.8269913749409693,0.9053040822007039,0.9090909090934441,0.9015486725690943,0.9947351421188716,0.9895935058593909
11249-5,TAFE_spatial,3538,848,78,61072,0.7925627240189838,0.8842789302688793,0.8066575467440342,0.9784292035404195,0.9863049095607457,0.9858703613281465
11249-5,TAFE_full,3174,165,442,61755,0.8394604601999613,0.9127246585203059,0.9505840071892607,0.8777654867290441,0.9973352713178337,0.9907379150390766
11249-6,Otsu,1493,29733,1,34309,0.0478111890381791,0.0912591687069338,0.0478127201721392,0.9993306559572068,0.535726554449368,0.5462951660163173
11249-6,Adaptive,1452,20078,42,43964,0.06730947525001248,0.1261292564318705,0.06744078031088044,0.9718875502026849,0.6864869929113918,0.6929931640629685
11249-6,Canny,1006,6099,488,57943,0.13249045174328342,0.23398069543860936,0.1415904292872401,0.6733601071169102,0.9047656225603435,0.8994903564454658
11249-6,Blackhat,1475,11663,19,52379,0.11210762332513409,0.20161290323126288,0.11226975187157658,0.9872824631869289,0.8178851378785518,0.821746826172147
11249-6,UNet_no_TAFE,1491,1625,3,62417,0.47803783265540123,0.6468546637820639,0.47849807447116505,0.9979919678716204,0.9746260266700374,0.9751586914062879
11249-6,TAFE_channel,1406,195,88,63847,0.8324452338761134,0.9085621970950384,0.8782011243049218,0.9410977242341969,0.9969551232004045,0.995681762695319
11249-6,TAFE_spatial,1457,532,37,63510,0.719151036539035,0.8366350847017906,0.7325289090129448,0.975234270416651,0.9916929515005907,0.9913177490234507
11249-6,TAFE_full,1336,118,158,63924,0.8287841191173211,0.9063772048878433,0.9188445667180988,0.8942436412386718,0.9981574591674243,0.9957885742187564
11249-7,Otsu,1651,28261,0,35624,0.055195239371973806,0.10461616449924083,0.055195239371973806,1.0,0.557626985991144,0.5687713623053455
11249-7,Adaptive,1594,19302,57,44583,0.0760750250604874,0.1413935335115918,0.07628254211774367,0.9654754694145684,0.6978633482042766,0.7046051025395133
11249-7,Canny,1438,3727,213,60158,0.2673856452348943,0.4219483568159925,0.278412391107872,0.8709872804439136,0.941660796744241,0.9398803710938417
11249-7,Blackhat,1624,12446,27,51439,0.11520181599549406,0.2066026334253126,0.11542288557842628,0.9836462749858482,0.8051811849419971,0.8096771240237279
11249-7,UNet_no_TAFE,1588,1252,63,62633,0.5470203238185664,0.7071921621085017,0.5591549295929875,0.9618413083003124,0.9804022853565306,0.9799346923828431
11249-7,TAFE_channel,1221,102,430,63783,0.6965202510156007,0.8211163416334527,0.9229024943368932,0.7395517868116565,0.9984033810753723,0.9918823242187624
11249-7,TAFE_spatial,1420,268,231,63617,0.7399687337290272,0.8505540581057037,0.8412322274975573,0.8600847971011457,0.9958049620411743,0.9923858642578242
11249-7,TAFE_full,1191,92,460,63793,0.6833046471782385,0.8118609407017089,0.9282930631388704,0.7213809812403768,0.9985599123424926,0.9915771484375129
11249-8,Otsu,1972,18905,2,44657,0.09444896786678265,0.17259638528216445,0.09445801600280472,0.9989868287741142,0.702573864888294,0.7115020751957527
11249-8,Adaptive,1811,18275,163,45287,0.08943651538797256,0.1641885766130363,0.09016230210549556,0.9174265450903026,0.7124854472802736,0.7186584472660543
11249-8,Canny,1604,2001,370,61561,0.40352201259362214,0.5750134432770208,0.44493758670055655,0.8125633232111164,0.968518926402617,0.9638214111328677
11249-8,Blackhat,1767,1257,207,62305,0.5468895079063173,0.707082833139114,0.5843253968391428,0.8951367781208137,0.9802240332274311,0.9776611328125341
11249-8,UNet_no_TAFE,1932,1470,42,62092,0.5609756097688451,0.7187500000052316,0.5679012345806026,0.978723404256397,0.9768729744187142,0.9769287109375352
11249-8,TAFE_channel,1489,60,485,63502,0.7320550639266443,0.845302299181229,0.9612653324750635,0.7543059777226796,0.9990560397721924,0.9916839599609502
11249-8,TAFE_spatial,1726,193,248,63369,0.7964928472636599,0.8867197534064547,0.8994267847889824,0.8743667679901537,0.9969635946005523,0.9932708740234477
11249-8,TAFE_full,1430,46,544,63516,0.7079207920936673,0.8289855072513338,0.9688346883489949,0.7244174265590467,0.9992762971586808,0.9909973144531388
11258-1,Otsu,1442,12081,62,51951,0.10614648510043323,0.19192120849675967,0.10663314353984595,0.9587765957474218,0.8113287106449724,0.8147125244143453
11258-1,Adaptive,1432,21427,72,42605,0.0624482142119295,0.11755530928408835,0.06264491010515488,0.9521276595776511,0.6653704397806326,0.6719512939458131
11258-1,Canny,1203,10646,301,53386,0.09901234568642789,0.18018422826945116,0.10152755507552091,0.7998670212899025,0.8337393803101047,0.8329620361330674
11258-1,Blackhat,1455,8955,49,55077,0.13911463811894909,0.24425046164810935,0.13976945245783123,0.9674202127681236,0.8601480509747311,0.8626098632814596
11258-1,UNet_no_TAFE,1484,6137,20,57895,0.19421541684080337,0.3252602739799971,0.1947251017032578,0.9867021276604586,0.9041572963519737,0.9060516357423308
11258-1,TAFE_channel,1304,504,200,63528,0.649402390455707,0.787439613532988,0.7212389380685156,0.8670212766045864,0.9921289355322461,0.9892578125000164
11258-1,TAFE_spatial,1431,4554,73,59478,0.23621657313905223,0.38216050207795216,0.23909774437361575,0.951462765960674,0.9288793103449386,0.9293975830079202
11258-1,TAFE_full,1285,865,219,63167,0.542422963294959,0.7033388067952014,0.597674418623364,0.8543882978820221,0.9864911294353035,0.9834594726562752
11258-2,Otsu,1486,14687,74,49289,0.09146303933592993,0.1675971352891919,0.09188153095225449,0.9525641025671433,0.7704295360763873,0.7747650146487812
11258-2,Adaptive,1471,21406,89,42570,0.06405120613487743,0.120391210053933,0.06430038904111422,0.9429487179523751,0.6654057771669604,0.672012329102063
11258-2,Canny,1271,9826,289,54150,0.11162831548294723,0.20083748124199383,0.1145354600422228,0.8147435897554651,0.8464111541830587,0.845657348633048
11258-2,Blackhat,1469,9160,91,54816,0.1370335820976023,0.2410370005805149,0.13820679274495995,0.941666666670406,0.8568213079907202,0.8588409423830279
11258-2,UNet_no_TAFE,1551,5775,9,58201,0.2114519427510368,0.349088453754793,0.21171171172247188,0.9942307692311391,0.9097317744155469,0.9117431640626347
11258-2,TAFE_channel,1346,577,214,63399,0.6298549368446489,0.772896927942208,0.6999479979355201,0.8628205128293064,0.9909809928723412,0.9879302978515809
11258-2,TAFE_spatial,1507,4540,53,59436,0.24704918034021234,0.39621401341663975,0.24921448653465827,0.9660256410278188,0.9290358884582828,0.9299163818360444
11258-2,TAFE_full,1353,833,207,63143,0.5653990806700628,0.7223705285712128,0.6189387008408538,0.8673076923161982,0.9869794923096364,0.9841308593750242
11266-1,Otsu,3324,16992,83,45137,0.16294916417881783,0.28023437170981647,0.1636148848239633,0.9756383915475304,0.7265045308958352,0.7394561767582101
11266-1,Adaptive,3003,23126,404,39003,0.11317981382009881,0.20334507042523242,0.11492977152162374,0.8814206046409915,0.627774469250064,0.6409606933599229
11266-1,Canny,1819,31146,1588,30983,0.05264376465414684,0.10002199494363789,0.0551797360865913,0.5339007924997388,0.49868821323456247,0.5005187988288872
11266-1,Blackhat,2726,14849,681,47280,0.1493207712579463,0.259841769138977,0.15510668563780877,0.8001174053478098,0.7609972798535933,0.7630310058597366
11266-1,UNet_no_TAFE,2626,781,781,61348,0.6270296084138722,0.7707660698595427,0.7707660698629067,0.7707660698629067,0.9874293808044755,0.9761657714844114
11266-1,TAFE_channel,2315,450,1092,61679,0.6002074150998131,0.7501620220390447,0.837251356244584,0.6794834165048581,0.9927570055851651,0.9764709472656609
11266-1,TAFE_spatial,2423,553,984,61576,0.6118686868784882,0.7592041359899858,0.8141801075331256,0.7111828588285535,0.9910991646413252,0.9765472412109732
11266-1,TAFE_full,1961,384,1446,61745,0.5172777631359199,0.6818497913824435,0.8362473347617806,0.5755796888883012,0.9938193114326742,0.9720764160156676
11266-2,Otsu,2817,17328,57,45334,0.13944163944589918,0.24475433338005667,0.13983618764388267,0.9801670146144688,0.7234687689513206,0.7347259521488423
11266-2,Adaptive,2626,24577,248,38085,0.0956613602451799,0.1746184792393702,0.09653347057641976,0.9137091162173379,0.6077846222597303,0.6212005615240155
11266-2,Canny,1535,34449,1339,28213,0.04112745492312749,0.07900561017273404,0.04265784793507487,0.53409881699603,0.45024097539266184,0.4539184570320833
11266-2,Blackhat,2312,15944,562,46718,0.12286109044997946,0.21883577851765812,0.12664329535973573,0.8044537230409028,0.7455555200923278,0.7481384277347594
11266-2,UNet_no_TAFE,2426,718,448,61944,0.6753897550201728,0.8062479229011923,0.7716284987349991,0.8441196938119652,0.9885416999138417,0.9822082519531522
11266-2,TAFE_channel,1701,153,1173,62509,0.5619425173583766,0.7195431472140537,0.917475728159791,0.5918580375924893,0.9975583288117239,0.9797668457031559
11266-2,TAFE_spatial,2153,456,721,62206,0.6465465465571607,0.7853364946236487,0.8252203909610878,0.7491301322286315,0.9927228623408242,0.9820404052734649
11266-2,TAFE_full,1396,137,1478,62525,0.46363334442166615,0.6335375538998517,0.9106327462550142,0.485734168424296,0.9978136669752038,0.9753570556641001
11266-3,Otsu,3109,19144,84,43199,0.139186103777861,0.24436060677810123,0.1397114995769572,0.9736924522400974,0.692924626662668,0.7066040039066976
11266-3,Adaptive,2855,24166,338,38177,0.10435322928796975,0.1889852386337824,0.10565856186260442,0.8941434387756297,0.6123702741292328,0.6260986328130705
11266-3,Canny,1885,34157,1308,28186,0.050468540832528865,0.0960876768214704,0.05230009433701709,0.5903538991672298,0.45211170460283895,0.45884704589926323
11266-3,Blackhat,2595,16273,598,46070,0.13330935991403825,0.2352567880003841,0.13753444986677157,0.8127153147568833,0.7389763084873379,0.7425689697269553
11266-3,UNet_no_TAFE,2681,639,512,61704,0.6996346555401974,0.8232765238780396,0.807530120487725,0.8396492327015456,0.9897502526346346,0.9824371337890893
11266-3,TAFE_channel,1985,165,1208,62178,0.5911256700538676,0.743028261281246,0.923255813957058,0.6216724084052092,0.9973533516192719,0.9790496826172195
11266-3,TAFE_spatial,2404,450,789,61893,0.6598956903744195,0.7951050107525202,0.8423265592206612,0.7528969621123427,0.9927818680525595,0.9810943603515914
11266-3,TAFE_full,1670,188,1523,62155,0.49393670513179727,0.6612551969974014,0.8988159311141649,0.5230191043055742,0.9969844248752916,0.9738922119141024
11266-4,Otsu,2443,20381,40,42672,0.10684919524533393,0.193069111316264,0.1070364528605545,0.9838904550952924,0.6767639921975532,0.688400268555163
11266-4,Adaptive,2318,24150,165,38903,0.0870348815413696,0.1601326379083274,0.08757745202097786,0.933548127268081,0.6169888823694083,0.6289825439458786
11266-4,Canny,1341,30620,1142,32433,0.040509923574780206,0.07786552084810745,0.041957385566653245,0.5400724929705972,0.5143767941263471,0.5153503417976145
11266-4,Blackhat,2305,17536,178,45517,0.1151406164188264,0.20650421071848007,0.116173579965142,0.928312525174051,0.7218847636120059,0.7297058105472874
11266-4,UNet_no_TAFE,2044,919,439,62134,0.6008230452792234,0.7506426735264297,0.6898413769932555,0.8231977446708338,0.9854249599543472,0.9792785644531566
11266-4,TAFE_channel,1681,447,802,62606,0.5737201365333202,0.7291260030420923,0.7899436090324276,0.677003624660612,0.9929107258972723,0.9809417724609666
11266-4,TAFE_spatial,1820,655,663,62398,0.5799872530407908,0.734167002829081,0.7353535353642282,0.7329842932044711,0.9896119137868308,0.9798889160156556
11266-4,TAFE_full,1420,297,1063,62756,0.5107913669240723,0.676190476198186,0.8270238788685484,0.5718888441573948,0.995289676938456,0.9792480468750316
11266-5,Otsu,2248,21806,42,41440,0.09329349269964601,0.17066504707268954,0.09345638979340876,0.9816593886470891,0.6552193024070214,0.6666259765630087
11266-5,Adaptive,2140,25099,150,38147,0.07813355727088198,0.1449422601539336,0.07856382393230821,0.9344978165967468,0.6031527685551605,0.6147308349615254
11266-5,Canny,1529,35683,761,27563,0.040265451770889145,0.07741380183515413,0.0410888960576129,0.6676855895341622,0.43580621699485217,0.44390869140709854
11266-5,Blackhat,2128,17009,162,46237,0.11026478056318842,0.1986278993830278,0.11119820243971783,0.9292576419244866,0.731065996268964,0.7379913330082123
11266-5,UNet_no_TAFE,2131,1911,159,61335,0.5072601761602652,0.673089071388612,0.5272142503828002,0.9305676855925517,0.9697846504127221,0.9684143066406732
11266-5,TAFE_channel,1408,142,882,63104,0.5789473684383657,0.7333333333402777,0.9083870967801041,0.6148471615888714,0.9977547987224524,0.9843750000000239
11266-5,TAFE_spatial,1995,1370,295,61876,0.5450819672255443,0.7055702917823948,0.5928677563271065,0.8711790393069355,0.9783385510546464,0.9745941162109762
11266-5,TAFE_full,1314,106,976,63140,0.5484140233911347,0.708355795156109,0.9253521126813132,0.5737991266561661,0.9983240046801405,0.9834899902344002
11267-1,Otsu,3364,4270,128,57774,0.4333934553023268,0.6047096890202704,0.4406602043562921,0.9633447880881059,0.931177873767115,0.9328918457032274
11267-1,Adaptive,3062,18668,430,43376,0.13817689531074828,0.24280390135896118,0.1409111827006861,0.8768613974834805,0.6991167558511716,0.7085876464848196
11267-1,Canny,2049,3448,1443,58596,0.29524495678248924,0.45589053287956505,0.37274877206889667,0.5867697594620054,0.9444265360067945,0.9253692626954264
11267-1,Blackhat,2634,1195,858,60849,0.5619799445367617,0.719573828715755,0.6879080700003158,0.7542955326530844,0.9807394752111716,0.9686737060547354
11267-1,UNet_no_TAFE,2699,925,793,61119,0.6110482227844454,0.7585722315941741,0.7447571743999791,0.7729095074520931,0.9850912255818691,0.973785400390665
11267-1,TAFE_channel,960,98,2532,61946,0.26740947077249555,0.4219780219907258,0.9073724007648986,0.27491408936784323,0.9984204757913764,0.9598693847656863
11267-1,TAFE_spatial,2063,272,1429,61772,0.5480871413510072,0.7080830616147574,0.883511777306916,0.5907789232648688,0.9956160144413713,0.9740447998047271
11267-1,TAFE_full,1075,107,2417,61937,0.2986940817088443,0.4599914420312368,0.9094754653206873,0.3078465063199357,0.9982754174456865,0.9614868164063087
11267-2,Otsu,3349,2756,99,59332,0.5398130238629946,0.7011410028294657,0.548566748574143,0.971287703017074,0.9556113902848287,0.956436157226629
11267-2,Adaptive,3227,18978,221,43110,0.14389547846631634,0.2515885081696036,0.1453276289162561,0.9359048723916501,0.694337069965703,0.7070465087895095
11267-2,Canny,1582,3154,1866,58934,0.23962435626719747,0.3866080156477687,0.3340371621762239,0.45881670535212254,0.9492011338745825,0.9234008789063669
11267-2,Blackhat,3118,1446,330,60642,0.6371066612252327,0.7783325012508945,0.6831726555722355,0.9042923433902468,0.9767104754542315,0.9729003906250413
11267-2,UNet_no_TAFE,2574,572,874,61516,0.6402985074716343,0.7807097361270745,0.8181818181875975,0.7465197215850777,0.9907872696817569,0.9779357910156586
11267-2,TAFE_channel,1145,101,2303,61987,0.32262609187594743,0.48785683852816664,0.9189406099583515,0.3320765661446614,0.998373276639611,0.963317871093806
11267-2,TAFE_spatial,2100,210,1348,61878,0.5740841990274991,0.7294199374829903,0.9090909090948446,0.6090487239092504,0.9966177039041415,0.9762268066406613
11267-2,TAFE_full,1191,93,2257,61995,0.3363456650851075,0.5033812341609598,0.9275700934635849,0.3454176334296573,0.9985021260146912,0.9641418457031797
11267-3,Otsu,3272,5437,150,56677,0.36934191218682305,0.5394443986518881,0.37570329544866565,0.956165984805489,0.9124673986542285,0.9147491455079426
11267-3,Adaptive,3134,20013,288,42101,0.1337315980408204,0.23591403515662646,0.1353955156213099,0.9158386908265389,0.6778021058059732,0.6902313232426601
11267-3,Canny,1795,4427,1627,57687,0.22869155307391145,0.37225217752621054,0.28849244617022674,0.5245470485235375,0.9287278230351793,0.907623291015766
11267-3,Blackhat,3091,1001,331,61113,0.6988469364752691,0.8227309023180366,0.7553763440919996,0.9032729398041124,0.9838844704897706,0.979675292968781
11267-3,UNet_no_TAFE,2795,616,627,61498,0.6921743437421453,0.8180886872556989,0.8194077983049133,0.816773816486944,0.990082751070628,0.9810333251953415
11267-3,TAFE_channel,960,94,2462,62020,0.2730375426827919,0.42895442360525127,0.9108159392873988,0.280537697274093,0.998486653572466,0.9609985351563095
11267-3,TAFE_spatial,2345,220,1077,61894,0.6438769906742483,0.7833639552399638,0.9142300194965213,0.6852717709034111,0.9964581253823672,0.9802093505859677
11267-3,TAFE_full,1166,98,2256,62016,0.3312500000189986,0.4976525821703446,0.9224683544365135,0.3407364114745548,0.9984222558521454,0.9640808105469298
11267-4,Otsu,3316,4329,174,57717,0.42409515284020854,0.5955994611621409,0.433747547424019,0.9501432664770733,0.9302291847984878,0.9312896728516673
11267-4,Adaptive,3216,18989,274,43057,0.14306686240872338,0.2503210741418551,0.14483224499371838,0.9214899713489544,0.6939528736748639,0.706069946289511
11267-4,Canny,1772,3817,1718,58229,0.24250718490156692,0.3903513602886843,0.31705135087999553,0.5077363896989188,0.9384811269059432,0.9155426025391914
11267-4,Blackhat,3157,1242,333,60804,0.6671597633206433,0.8003549245810577,0.7176631052576117,0.9045845272233644,0.9799825935596493,0.9759674072265991
11267-4,UNet_no_TAFE,2576,615,914,61431,0.6275274056119969,0.7711420446075267,0.8072704481414206,0.738108882528994,0.9900879992263965,0.9766693115234731
11267-4,TAFE_channel,1057,88,2433,61958,0.2954164337815703,0.4560949298930724,0.9231441048102058,0.3028653295328692,0.9985816974502811,0.9615325927734962
11267-4,TAFE_spatial,2110,183,1380,61863,0.574462292415615,0.7297250562038782,0.9201918883593462,0.6045845272319603,0.9970505753795619,0.9761505126953489
11267-4,TAFE_full,1138,76,2352,61970,0.31912507012565555,0.48384353742593866,0.9373970346015323,0.32607449858664544,0.9987751023434246,0.9629516601563065
11267-5,Otsu,3378,3871,114,58173,0.4587803884359802,0.6289917139965646,0.46599530970525593,0.9673539518909693,0.9376087937593682,0.9391937255860303
11267-5,Adaptive,3234,18886,258,43158,0.1445169362805232,0.2525378728750096,0.14620253164942945,0.9261168384900883,0.6956031203666824,0.7078857421879458
11267-5,Canny,1864,3916,1628,58128,0.2516198704204695,0.4020707506535583,0.3224913494926905,0.5337915234955959,0.9368835020309185,0.9154052734376291
11267-5,Blackhat,3167,1636,325,60408,0.6175897035956008,0.763592525620692,0.6593795544522303,0.9069301260049561,0.9736316162723654,0.9700775146484831
11267-5,UNet_no_TAFE,2957,784,535,61260,0.6915341440670829,0.8176413659640862,0.7904303662178447,0.8467926689620048,0.9873638063310113,0.9798736572265933
11267-5,TAFE_channel,1209,124,2283,61920,0.33434734515115194,0.5011398963833961,0.906976744193025,0.3462199312901999,0.9980014183482722,0.9632720947266186
11267-5,TAFE_spatial,2370,315,1122,61729,0.6225374310579843,0.7673627974782684,0.8826815642501794,0.6786941580848026,0.9949229579008527,0.9780731201172209
11267-5,TAFE_full,1275,131,2217,61913,0.3519182997694751,0.5206206615042748,0.9068278805187178,0.36512027493227034,0.9978885951905133,0.9641723632813046
11269-1,Otsu,1792,57510,2,6232,0.030217186026186737,0.058661778186691986,0.03021820512119285,0.9988851727982784,0.09776913181403506,0.12243652343883905
11269-1,Adaptive,1719,12772,75,50970,0.11801455444790598,0.21111452257162347,0.11862535367387603,0.9581939799354406,0.799629757460074,0.8039703369143616
11269-1,Canny,923,2287,871,61455,0.22617005637769738,0.36890487611173256,0.2875389408321639,0.5144927536502512,0.9641209877318501,0.9518127441406985
11269-1,Blackhat,1452,545,342,63197,0.6207781103197616,0.7660247955746234,0.7270906359675968,0.8093645485056096,0.9914499074393783,0.9864654541015832
11269-1,UNet_no_TAFE,1537,1273,257,62469,0.5011411803227538,0.6676802780263319,0.5469750889840934,0.8567447045787768,0.9800288663675755,0.9766540527344106
11269-1,TAFE_channel,1395,172,399,63570,0.7095625635956478,0.8301100862888988,0.8902361199814782,0.7775919732565445,0.9973016221643543,0.9912872314453258
11269-1,TAFE_spatial,1484,404,310,63338,0.6751592356835688,0.8060836501953806,0.7860169491638762,0.8272017837331549,0.9936619497348786,0.9891052246093917
11269-1,TAFE_full,1347,122,447,63620,0.7030271398902387,0.8256205945502415,0.9169503063364908,0.7508361204152265,0.9980860343258792,0.9913177490234507
11269-2,Otsu,1992,1086,223,62235,0.6034534989517282,0.7526922350320671,0.6471734892902153,0.8993227991016108,0.9828492917042011,0.980026245117218
11269-2,Adaptive,2154,11573,61,51748,0.15622280244302128,0.2702295822401817,0.1569170248476949,0.9724604966152388,0.8172328295513065,0.8224792480471459
11269-2,Canny,1488,2475,727,60846,0.3172707889271371,0.48170929104108595,0.37547312643513825,0.6717832957258789,0.9609134410385798,0.9511413574219496
11269-2,Blackhat,2081,649,134,62672,0.7266061452609425,0.8416582406503204,0.7622710622797703,0.9395033860072459,0.9897506356501165,0.9880523681640807
11269-2,UNet_no_TAFE,2117,1428,98,61893,0.581114466110867,0.7350694444490439,0.597179125540277,0.955756207676941,0.9774482399204412,0.9767150878906605
11269-2,TAFE_channel,1859,151,356,63170,0.7857142857233427,0.8800000000028402,0.9248756218942848,0.8392776523774593,0.9976153250896265,0.9922637939453243
11269-2,TAFE_spatial,2029,347,186,62974,0.7919594067216253,0.8839032890463101,0.8539562289623757,0.9160270880399086,0.9945199854708635,0.9918670654296999
11269-2,TAFE_full,1813,123,402,63198,0.7754491018060117,0.8735244519423386,0.936466942152042,0.8185101580217378,0.9980575164637355,0.9919891357421997
11269-3,Otsu,2419,169,226,62722,0.8596304193369001,0.924517485191582,0.9346986089669745,0.9145557655986936,0.9973128110540501,0.9939727783203217
11269-3,Adaptive,2514,10372,131,52519,0.19313205808409667,0.3237396175434695,0.19509545243523904,0.950472589793933,0.835079741139694,0.8397369384768071
11269-3,Canny,1189,1039,1456,61852,0.32274701413347595,0.48799507491303107,0.5336624775792791,0.44952741022875137,0.983479353166616,0.9619293212891206
11269-3,Blackhat,2460,200,185,62691,0.8646748681945633,0.9274269557035357,0.9248120300780146,0.9300567107776916,0.996819894738521,0.9941253662109465
11269-3,UNet_no_TAFE,2612,1090,33,61801,0.699330655965212,0.8230660154431532,0.7055645597054142,0.9875236294900748,0.9826684263249389,0.9828643798828387
11269-3,TAFE_channel,2355,97,290,62794,0.8588621444252785,0.9240729841097887,0.9604404567715971,0.8903591682461112,0.9984576489481827,0.9940948486328215
11269-3,TAFE_spatial,2558,247,87,62644,0.8845089903221124,0.9387155963313997,0.9119429590049218,0.9671077504738333,0.9960725700020733,0.9949035644531328
11269-3,TAFE_full,2365,74,280,62817,0.8698050754001543,0.930369787570213,0.9696596965982099,0.8941398865824521,0.9988233610532528,0.9945983886718832
11269-4,Otsu,2649,129,263,62495,0.8710950345323546,0.9311072056251124,0.9535637149044793,0.9096840659371674,0.9979400868676579,0.9940185546875091
11269-4,Adaptive,2724,10361,188,52263,0.20522865969106283,0.34056385572707026,0.20817730226054124,0.9354395604417775,0.834552248339559,0.8390350341799331
11269-4,Canny,1052,682,1860,61942,0.2927100723624733,0.45286267758388155,0.6066897347400987,0.36126373628567093,0.9891096065406408,0.9612121582031842
11269-4,Blackhat,2650,96,262,62528,0.8809840425571481,0.9367267585730519,0.9650400582678427,0.9100274725305623,0.998467041389885,0.9945373535156333
11269-4,UNet_no_TAFE,2902,628,10,61996,0.8197740113045261,0.9009624340282372,0.822096317285493,0.996565934066052,0.9899718957588305,0.9902648925781399
11269-4,TAFE_channel,2843,162,69,62462,0.9248536109328285,0.9609599459191996,0.946089850251378,0.9763049450557587,0.9974131323454308,0.9964752197265678
11269-4,TAFE_spatial,2863,231,49,62393,0.9109131403146384,0.9533799533807296,0.9253393665182502,0.9831730769236547,0.9963113183444106,0.9957275390625066
11269-4,TAFE_full,2749,66,163,62558,0.9231027535284384,0.9600139689198531,0.9765541740683285,0.9440247252766475,0.9989460909555459,0.9965057373046928
11269-5,Otsu,2908,62,177,62389,0.9240546552296137,0.9605284888528401,0.979124579125282,0.9426256077814383,0.9990072216617845,0.996353149414068
11269-5,Adaptive,2906,10460,179,51991,0.21454411222432967,0.35329159322014897,0.2174173275533636,0.9419773095642795,0.8325086868107276,0.8376617431643102
11269-5,Canny,987,644,2098,61807,0.26468222045415174,0.41857506362556035,0.6051502146164837,0.31993517020032625,0.9896879153256318,0.9581604003906888
11269-5,Blackhat,2761,31,324,62420,0.8860718870383161,0.9395950314796734,0.9888968481379335,0.8949756888202601,0.9995036108308922,0.9945831298828207
11269-5,UNet_no_TAFE,3074,505,11,61946,0.8562674094747558,0.9225690276122064,0.8588991338402095,0.9964343598056261,0.9919136603096957,0.992126464843762
11269-5,TAFE_channel,3048,243,37,62208,0.9158653846179127,0.9560853199505005,0.9261622607132737,0.9880064829825606,0.9961089494163486,0.9957275390625066
11269-5,TAFE_spatial,3042,217,43,62234,0.9212598425220696,0.9590163934432689,0.9334151580259769,0.9860615883310839,0.9965252758162455,0.9960327148437561
11269-5,TAFE_full,2969,107,116,62344,0.9301378446137175,0.9638045771796169,0.9652145643704416,0.9623987034047845,0.9982866567388861,0.9965972900390677
11269-6,Otsu,3036,194,201,62105,0.8848732148095344,0.9389206741929964,0.9399380804972155,0.9379054680278682,0.9968859853288224,0.9939727783203217
11269-6,Adaptive,3029,10082,208,52217,0.22741947594243245,0.37056520675696986,0.23102738159384462,0.9357429718895353,0.838167546830867,0.8429870605471146
11269-6,Canny,933,683,2304,61616,0.23801020410107118,0.38450443026201314,0.5773514851746688,0.2882298424686985,0.9890367421628131,0.954421997070382
11269-6,Blackhat,2754,49,483,62250,0.8381010346975624,0.9119205298027828,0.9825187299328392,0.8507877664550266,0.9992134705211975,0.9918823242187624
11269-6,UNet_no_TAFE,3235,471,2,61828,0.8724379719559753,0.9318738297575706,0.8729087965495708,0.9993821439604763,0.9924396860302855,0.9927825927734485
11269-6,TAFE_channel,3178,184,59,62115,0.9289681379734297,0.9631762388246222,0.9452706722205452,0.9817732468340509,0.9970465015489862,0.9962921142578182
11269-6,TAFE_spatial,3170,177,67,62122,0.9285295840677056,0.9629404617259578,0.9471168210353416,0.9793018226759561,0.997158862903101,0.9962768554687557
11269-6,TAFE_full,3078,65,159,62234,0.9321623258651677,0.9648902821322117,0.9793191218587554,0.9508804448578659,0.9989566445689354,0.9965820312500052
11270-1,Otsu,1199,23818,8,40511,0.04791208791589246,0.09144295302359882,0.047927409365439794,0.9933719966865475,0.6297470814102042,0.6364440917974298
11270-1,Adaptive,1168,23505,39,40824,0.047264486892816183,0.0902627511627115,0.0473391966966022,0.967688483846919,0.634612694119861,0.6407470703130482
11270-1,Canny,973,15330,234,48999,0.058837757761027766,0.1111364934374007,0.05968226707317866,0.8061309030815135,0.7616937928465207,0.7625122070316124
11270-1,Blackhat,1200,15918,7,48411,0.07007299270616016,0.1309686221056973,0.07010164739414591,0.994200497100729,0.7525532807913188,0.7570037841800583
11270-1,UNet_no_TAFE,1149,774,58,63555,0.5800100959323569,0.7341853035228695,0.5975039001769369,0.9519469759774691,0.9879681014783567,0.9873046875000193
11270-1,TAFE_channel,835,78,372,64251,0.6498054474980696,0.7877358490666163,0.9145673603598502,0.6917978459244575,0.9987874830947181,0.9931335449218854
11270-1,TAFE_spatial,1046,225,161,64104,0.7304469273931252,0.8442292171168592,0.8229740362059029,0.8666114333167679,0.9965023550809177,0.994110107421884
11270-1,TAFE_full,883,87,324,64242,0.6823802164078531,0.8112080845286538,0.9103092783597619,0.7315658658051726,0.9986475772979548,0.993728637695322
11270-2,Otsu,1076,27718,8,36734,0.037358516773011045,0.07202624004594675,0.037368896301182994,0.9926199261999428,0.5699435238633868,0.5769348144537706
11270-2,Adaptive,1054,23149,30,41303,0.04349440845523256,0.08336299284579679,0.04354832046009359,0.9723247232497856,0.640833488488114,0.6463165283208522
11270-2,Canny,889,14736,195,49716,0.05619469027145262,0.10640971931829307,0.05689600000603586,0.820110701123606,0.7713647365484836,0.7721710205081601
11270-2,Blackhat,1076,17496,8,46956,0.05791173305135677,0.10948310948763998,0.057936678876491836,0.9926199261999428,0.7285421709183135,0.7329101562504076
11270-2,UNet_no_TAFE,1024,901,60,63551,0.5158690176566313,0.6806247923004113,0.5319480519723664,0.944649446499571,0.9860206044808757,0.9853363037109599
11270-2,TAFE_channel,793,102,291,64350,0.668634064108884,0.8014148559979073,0.8860335195658063,0.7315498155229196,0.9984174269223632,0.9940032958984466
11270-2,TAFE_spatial,921,273,163,64179,0.6787030213943476,0.8086040386387795,0.7713567839387473,0.8496309963238347,0.9957642897039723,0.9933471679687601
11270-2,TAFE_full,818,101,266,64351,0.6902953586759244,0.8167748377525325,0.8900979325473234,0.7546125461480984,0.998432942344693,0.994400024414071
11271-1,Otsu,6119,21909,85,37423,0.21765731156682794,0.35750175274784557,0.2183173968916144,0.9862991618312975,0.6307388930094541,0.6643981933598871
11271-1,Adaptive,5058,26585,1146,32747,0.15425905029383555,0.2672867070064542,0.15984577947994866,0.8152804642196119,0.551928133217232,0.5768585205084582
11271-1,Canny,1242,43568,4962,15764,0.02495378928107178,0.04869251578184676,0.027717027451399874,0.20019342361057071,0.2656913638521107,0.25949096679800493
11271-1,Blackhat,1838,24449,4366,34883,0.059961504586631124,0.11313902311682268,0.06992049302290136,0.2962604771228843,0.5879289422241153,0.5603179931647334
11271-1,UNet_no_TAFE,6059,796,145,58536,0.865571428573349,0.9279424151931392,0.8838803792868872,0.9766279819475077,0.9865839681790828,0.9856414794922094
11271-1,TAFE_channel,5053,26,1151,59306,0.8110754414155525,0.895683772047366,0.9948808820634991,0.8144745325626294,0.9995617879053469,0.9820404052734649
11271-1,TAFE_spatial,5895,330,309,59002,0.902203856750808,0.9485879797252508,0.9469879518080805,0.9501934235984817,0.9944380772601725,0.9902496337890774
11271-1,TAFE_full,5150,37,1054,59295,0.8251882711132,0.9042226319032199,0.9928667823406041,0.8301096067080898,0.999376390480686,0.9833526611328379
11271-2,Otsu,3758,25769,87,35922,0.1268994394572604,0.2252187462566666,0.12727334304491728,0.9773732119641776,0.5822891507682121,0.605468750000602
11271-2,Adaptive,3492,26461,353,35230,0.11522470798153756,0.2066394461234196,0.11658264614857748,0.9081924577397089,0.5710719553912709,0.5908508300787493
11271-2,Canny,1141,36828,2704,24863,0.02805300814046652,0.05457502272192429,0.030050830943585426,0.29674902472570225,0.4030247523959686,0.39678955078217043
11271-2,Blackhat,2860,22256,985,39435,0.1095743458139168,0.1975069921646438,0.11387163561429418,0.7438231469507458,0.6392342481080884,0.6453704833989786
11271-2,UNet_no_TAFE,3617,1332,228,60359,0.6986671817713218,0.8226063224946257,0.7308547181303121,0.9407022106647411,0.9784085198813791,0.9761962890625363
11271-2,TAFE_channel,2554,0,1291,61691,0.6642392717902669,0.7982497265229216,1.0,0.6642392717902669,1.0,0.9803009033203426
11271-2,TAFE_spatial,3407,760,438,60931,0.7398479913194387,0.8504742885690155,0.8176145908371103,0.886085825750687,0.9876805368692554,0.9817199707031529
11271-2,TAFE_full,2802,23,1043,61668,0.7244053774631746,0.8401799100473736,0.9918584070799342,0.7287386215935309,0.9996271741420959,0.9837341308593999
11271-3,Otsu,3716,23310,242,38268,0.1362769546753107,0.23986573715711376,0.13749722489773736,0.9388580090970475,0.6214557147039179,0.6406250000005483
11271-3,Adaptive,3335,25569,623,36009,0.11294747180847038,0.20296999574218558,0.11538195405786264,0.8425972713531431,0.584770534931981,0.6003417968756098
11271-3,Canny,1633,32028,2325,29550,0.04537875840869955,0.08681783141740392,0.048513116071868,0.4125821121927089,0.47987917762921845,0.47581481933673736
11271-3,Blackhat,3254,16984,704,44594,0.15538152994386695,0.26897007770181447,0.16078663900009493,0.822132390100502,0.7241872097182043,0.7301025390629118
11271-3,UNet_no_TAFE,3610,657,348,60921,0.7822318526591066,0.8778115501534611,0.8460276540931327,0.9120768064701344,0.9893306050862494,0.9846649169922109
11271-3,TAFE_channel,2124,9,1834,61569,0.5354171918443302,0.6974224265359149,0.9957805907174974,0.5366346639834099,0.9998538439052911,0.9718780517578555
11271-3,TAFE_spatial,3276,422,682,61156,0.7479452054852067,0.8557993730426359,0.885884261766201,0.8276907529098613,0.99314690311476,0.9831542968750258
11271-3,TAFE_full,2354,21,1604,61557,0.5916059311487407,0.7434075477697235,0.9911578947372144,0.5947448206267119,0.9996589691123459,0.9752044677734754
11271-4,Otsu,3839,21732,142,39823,0.14930190954322986,0.2598132106143076,0.1501310077855769,0.9643305702093863,0.6469498822197272,0.6662292480473843
11271-4,Adaptive,3499,26008,482,35547,0.11667611457828977,0.20897037745100044,0.11858203138537098,0.8789248932459451,0.5774835512962757,0.5957946777349917
11271-4,Canny,1554,32814,2427,28741,0.04223399918727481,0.08104513807640083,0.04521648044970549,0.39035418238155356,0.46691576638864934,0.462265014649258
11271-4,Blackhat,3589,15259,392,46296,0.1865384615426895,0.3144246353352559,0.19041808149835304,0.9015322783245031,0.7521078710100688,0.7611846923831769
11271-4,UNet_no_TAFE,3777,396,204,61159,0.8629198080908631,0.9264164827087759,0.9051042415551137,0.9487565938219352,0.9935667289416074,0.990844726562514
11271-4,TAFE_channel,2547,45,1434,61510,0.6326378539584541,0.7749885896884986,0.9826388888895586,0.6397889977483098,0.9992689464706372,0.9774322509765969
11271-4,TAFE_spatial,3531,181,450,61374,0.8483901970243058,0.917977382036683,0.9512392241392447,0.8869630746072101,0.997059540248563,0.9903717041015772
11271-4,TAFE_full,2654,50,1327,61505,0.6583974200035129,0.7940164547525204,0.9815088757403289,0.6666666666750397,0.999187718300708,0.9789886474609696
11271-5,Otsu,3396,27116,48,34976,0.1111256544531704,0.20002355990340434,0.1113004719483767,0.9860627177704395,0.5632931778658067,0.5855102539068825
11271-5,Adaptive,3201,27496,243,34596,0.10345830640238055,0.18751647579395003,0.10427729094340073,0.9294425087128501,0.5571732268254249,0.5767364501959583
11271-5,Canny,1160,42262,2284,19830,0.025379600054641887,0.04950283788023406,0.026714568654076933,0.33681765391008084,0.31936481350364077,0.32028198242291217
11271-5,Blackhat,3313,17538,131,44554,0.1578972452618535,0.27273101461505356,0.15888926190993768,0.9619628339151579,0.7175481543520622,0.7303924560550988
11271-5,UNet_no_TAFE,3321,382,123,61710,0.8680083638299004,0.929340982231295,0.8968403996787243,0.9642857142867512,0.9938478386909846,0.9922943115234493
11271-5,TAFE_channel,2072,28,1372,62064,0.5967741935600007,0.7474747474793024,0.9866666666673016,0.6016260162717297,0.9995490562391297,0.9786376953125326
11271-5,TAFE_spatial,3233,123,211,61969,0.9063638912277442,0.9508823529418988,0.9633492252692685,0.9387340301992237,0.9980190684790343,0.9949035644531328
11271-5,TAFE_full,2157,32,1287,62060,0.6205408515644263,0.7658441327930793,0.985381452718804,0.6263066202199098,0.9994846357018626,0.9798736572265933
11271-6,Otsu,3359,28498,39,33640,0.10531101078785643,0.19055453127445593,0.10543993471103544,0.9885226603888015,0.5413756477525163,0.564559936524102
11271-6,Adaptive,3118,26814,280,35324,0.10320402489374021,0.18709870987342603,0.10416945075803764,0.9175985874067805,0.5684766165638281,0.5865783691412558
11271-6,Canny,989,42648,2409,19490,0.02147852148064657,0.042053789733088015,0.022664252815219506,0.2910535609390508,0.31365669960521153,0.31248474121198655
11271-6,Blackhat,3182,18232,216,43906,0.1471104946872533,0.2564887957469914,0.14859437751401608,0.9364331959995164,0.7065885609454656,0.7185058593754295
11271-6,UNet_no_TAFE,3226,275,172,61863,0.8783011162570569,0.9352080011605275,0.9214510139982448,0.9493819894070223,0.9955743667321195,0.9931793212890729
11271-6,TAFE_channel,2908,47,490,62091,0.8441219158245538,0.915473004880915,0.9840947546536686,0.8557975279618659,0.9992436190414895,0.99180603027345
11271-6,TAFE_spatial,3082,93,316,62045,0.8828415926702137,0.9377757492782934,0.9707086614182454,0.9070041200733666,0.9985033312948622,0.993759155273447
11271-6,TAFE_full,2909,24,489,62114,0.8500876680347724,0.9189701468975048,0.991817251960729,0.8560918187211274,0.9996137629148032,0.9921722412109495
11275-1,Otsu,2063,33794,38,29641,0.05747318568308267,0.1086990884685476,0.05753409376395812,0.9819133745843925,0.46726570505325565,0.4837646484382877
11275-1,Adaptive,1904,25288,197,38147,0.06951695936664531,0.12999692759659304,0.070020594295859,0.9062351261348771,0.6013557184525872,0.6111297607427809
11275-1,Canny,1217,21617,884,41818,0.051311240412128714,0.09761379587287902,0.053297713939505574,0.5792479771737626,0.659225979349477,0.6566619873052114
11275-1,Blackhat,2031,15642,70,47793,0.1144676773988927,0.20542126024473842,0.11492106603793968,0.9666825321291442,0.753416883424366,0.7602539062503658
11275-1,UNet_no_TAFE,1924,249,177,63186,0.8187234042630331,0.9003275620051397,0.8854118729919278,0.9157544026694073,0.9960747221565444,0.9934997558593849
11275-1,TAFE_channel,1781,127,320,63308,0.7993716337612491,0.8885008730384509,0.9334381551397569,0.8476915754475159,0.9979979506581572,0.9931793212890729
11275-1,TAFE_spatial,1763,106,338,63329,0.7988219302311363,0.8881612090708272,0.9432851792432699,0.8391242265664387,0.9983289981871233,0.9932250976562603
11275-1,TAFE_full,1645,65,456,63370,0.7594644506112899,0.8632904749445476,0.9619883040957902,0.7829604950127103,0.9989753290770096,0.9920501708984496
11275-2,Otsu,2125,28531,19,34861,0.06927465362976601,0.12957317073436106,0.06931758872954945,0.9911380597019058,0.5499274356392764,0.5643615722662897
11275-2,Adaptive,2030,24769,114,38623,0.07542823171301814,0.14027571433804278,0.07574909511893821,0.9468283582114353,0.6092724634029384,0.6203155517583918
11275-2,Canny,1155,15888,989,47504,0.06405279503624638,0.12039401678678065,0.06776975885074359,0.5387126865886795,0.7493690055531466,0.7424774169925804
11275-2,Blackhat,2127,11045,17,52347,0.16127075593933374,0.27774875947193944,0.16147889463132795,0.9920708955227578,0.8257666582536822,0.8312072753908826
11275-2,UNet_no_TAFE,2018,522,126,62870,0.7569392348178193,0.8616567036750287,0.794488188984469,0.9412313432863233,0.9917655224634153,0.9901123046875151
11275-2,TAFE_channel,1887,299,257,63093,0.7724109701280225,0.8715935334902635,0.8632204940593221,0.8801305970205164,0.9952833165068222,0.991516113281263
11275-2,TAFE_spatial,1886,272,258,63120,0.7806291390819277,0.8768014876830125,0.8739573679391124,0.8796641791100904,0.9957092377587144,0.9919128417968873
11275-2,TAFE_full,1773,194,371,63198,0.7583404619436126,0.8625638530804534,0.9013726487086237,0.8269589552319516,0.9969396769308478,0.9913787841797006
11275-3,Otsu,3214,26043,24,36255,0.10976401079502146,0.19781504847146386,0.10985405202478088,0.9925880172948552,0.5819608976217825,0.6022491455084195
11275-3,Adaptive,2966,22871,272,39427,0.11360067410044965,0.2040240756691177,0.1147966095169145,0.9159975293416924,0.6328774599511495,0.6468658447271013
11275-3,Canny,1568,15139,1670,47159,0.08532404636727799,0.15723238907416778,0.093852876045407,0.484249536767009,0.7569905935989004,0.7435150146488289
11275-3,Blackhat,2613,11831,625,50467,0.17340234919919434,0.29555480149702773,0.1809055663307885,0.8069796170535213,0.810090211564079,0.80993652343779
11275-3,UNet_no_TAFE,3164,1037,74,61261,0.7401169590704066,0.8506519693527268,0.7531540109556497,0.9771463866591369,0.9833542007769377,0.9830474853515884
11275-3,TAFE_channel,3026,450,212,61848,0.8204989154061687,0.9014000595784718,0.8705408515572342,0.9345274861045544,0.9927766541462121,0.9898986816406404
11275-3,TAFE_spatial,3044,596,194,61702,0.793948878461295,0.8851410293706725,0.8362637362682345,0.940086473133413,0.9904330797136498,0.9879455566406434
11275-3,TAFE_full,2868,231,370,62067,0.8267512251419212,0.9051601704291438,0.9254598257526473,0.8857319332956847,0.9962920157950556,0.9908294677734515
11276-1,Otsu,1254,32465,61,31756,0.0371225577293158,0.07158760061919396,0.037189715000334564,0.9536121673039079,0.4944799987550887,0.5036926269538823
11276-1,Adaptive,1213,25291,102,38930,0.04559122002914534,0.08720658543050717,0.04576667673164139,0.9224334600819443,0.6061880070388095,0.6125335693365287
11276-1,Canny,1157,40158,158,24063,0.02789766836489307,0.05428102275614759,0.02800435677350114,0.8798479087543842,0.3746905217929109,0.3848266601571887
11276-1,Blackhat,1220,21466,95,42755,0.05355339976711491,0.10166243073579574,0.05377766023515041,0.9277566539978892,0.6657479640621202,0.6710052490239395
11276-1,UNet_no_TAFE,1071,1341,244,62880,0.4032379518296974,0.574724979887987,0.4440298507693189,0.8144486692156313,0.979118979773004,0.9758148193359744
11276-1,TAFE_channel,742,86,573,64135,0.5296216988201554,0.692487167536515,0.8961352657130272,0.564258555166216,0.9986608741688876,0.9899444580078278
11276-1,TAFE_spatial,989,695,326,63526,0.4920398010202965,0.6595531844061503,0.5872921615446975,0.752091254771704,0.9891779947369409,0.9844207763672113
11276-1,TAFE_full,756,92,559,64129,0.5373134328687055,0.6990291262275068,0.8915094339750579,0.574904942998106,0.9985674467853217,0.9900665283203277
11284-1,Otsu,1162,9457,3,54914,0.10939559405846926,0.19721656484048525,0.10942649967878872,0.9974248927040837,0.853086016995459,0.8556518554689703
11284-1,Adaptive,1124,18487,41,45884,0.057195196422464914,0.10820177127884,0.057314772326463134,0.9648068669558105,0.7128054558734325,0.7172851562504314
11284-1,Canny,1106,6042,59,58329,0.15346191204171694,0.2660892577978336,0.15472859542312917,0.9493562231803128,0.9061378571097138,0.9069061279298295
11284-1,Blackhat,1104,2608,61,61763,0.29260535384859254,0.4527373385390048,0.29741379312237576,0.9476394849830353,0.9594848611953217,0.9592742919922497
11284-1,UNet_no_TAFE,1121,1608,44,62763,0.40425531917041996,0.5757575757684705,0.410773177009499,0.9622317596598943,0.9750198070560112,0.9747924804687884
11284-1,TAFE_channel,455,18,710,64353,0.3846153846674036,0.5555555555826889,0.961945031720519,0.3905579399664757,0.9997203709745076,0.988891601562517
11284-1,TAFE_spatial,924,205,241,64166,0.674452554768288,0.805579773330184,0.8184233835413265,0.7931330472280572,0.9968153360985587,0.9931945800781354
11284-1,TAFE_full,785,34,380,64337,0.6547122602456453,0.791330645171808,0.9584859584910274,0.6738197425172686,0.9994718118407365,0.9936828613281347
11286-1,Otsu,1991,20295,30,43220,0.08921849794277999,0.16382112149107736,0.08933859822718596,0.9851558634346781,0.6804691805090444,0.6898651123051607
11286-1,Adaptive,1909,20452,112,43063,0.08494638010463691,0.1565909277370331,0.08537185278348297,0.9445818901561315,0.6779973234674046,0.6862182617192288
11286-1,Canny,1429,4985,592,58530,0.20396802741644351,0.3388263189171449,0.22279388838130976,0.707075705110981,0.9215146028498441,0.9149017333985674
11286-1,Blackhat,1894,2852,127,60663,0.3886722758180039,0.5597753805296324,0.399072903510344,0.9371598218734706,0.9550972211289379,0.9545440673828819
11286-1,UNet_no_TAFE,1993,1014,28,62501,0.6566721581661723,0.7927605409746865,0.6627868307395149,0.9861454725390328,0.9840352672597276,0.9841003417968993
11286-1,TAFE_channel,1814,159,207,63356,0.8321100917508207,0.908362543818018,0.9194120628525386,0.8975754576992788,0.9974966543336259,0.9944152832031335
11286-1,TAFE_spatial,1881,354,140,63161,0.792000000008758,0.8839285714312987,0.8416107382621204,0.9307273626951644,0.994426513422035,0.9924621582031365
11286-1,TAFE_full,1707,97,314,63418,0.8059490085077456,0.8925490196106524,0.9462305986726036,0.8446313706162973,0.9984728017003881,0.993728637695322
11286-2,Otsu,1829,18232,28,45447,0.091044850420175,0.1668947896743914,0.09117192563136847,0.9849219170713559,0.7136889712468574,0.7213745117191751
11286-2,Adaptive,1776,21078,81,42601,0.0774362328359388,0.1437416535180942,0.07771068522325321,0.9563812600992794,0.6689960583557075,0.6771392822270551
11286-2,Canny,1318,5777,539,57902,0.17264867698228129,0.29445933870314495,0.1857646229854015,0.7097469036236,0.9092793542613589,0.9036254882813971
11286-2,Blackhat,1795,3648,62,60031,0.3260672116380369,0.49178082192477013,0.32978137058001505,0.9666128163722879,0.9427126682266639,0.9433898925782114
11286-2,UNet_no_TAFE,1814,732,43,62947,0.700656624190782,0.8239836475170569,0.7124901806868622,0.9768443726452964,0.9885048446112714,0.9881744384765806
11286-2,TAFE_channel,1672,158,185,63521,0.829776674946413,0.906970436671902,0.9136612021905103,0.9003769520786011,0.9975188052576242,0.9947662353515705
11286-2,TAFE_spatial,1705,207,152,63472,0.8260658914812954,0.9047492703660188,0.8917364016793025,0.9181475498159317,0.9967493208122038,0.9945220947265708
11286-2,TAFE_full,1556,90,301,63589,0.7991782229173509,0.8883813873854302,0.9453219927129209,0.8379106085170753,0.9985866612226973,0.9940338134765716
11286-3,Otsu,2348,13931,38,49219,0.14389900104710485,0.2515938923158232,0.14423490386913054,0.9840737636217907,0.7793982581159471,0.7868499755862628
11286-3,Adaptive,2201,20854,185,42296,0.09470740103659764,0.1730277897913878,0.09546736066321636,0.922464375527139,0.6697703879656852,0.6789703369145523
11286-3,Canny,1507,8761,879,54389,0.13519332556620442,0.238185553981048,0.14676665368964972,0.6316010058830008,0.8612668250200138,0.8529052734377245
11286-3,Blackhat,2253,3872,133,59278,0.36001917546564366,0.5294324991243163,0.3678367347041986,0.9442581726762674,0.9386856690420606,0.9388885498047808
11286-3,UNet_no_TAFE,2326,865,60,62285,0.7154721624203176,0.8341402187585774,0.7289251018574452,0.9748533109817747,0.9863024544734975,0.985885620117209
11286-3,TAFE_channel,2064,153,322,62997,0.8129184718466751,0.8968064305909883,0.9309878213833565,0.865046102268858,0.9975771971496475,0.9927520751953236
11286-3,TAFE_spatial,2204,332,182,62818,0.8108903605661923,0.8955709061378389,0.8690851735067395,0.9237217099780503,0.9947426761678626,0.992156982421887
11286-3,TAFE_full,1931,103,455,63047,0.7758135797599112,0.8737556561114534,0.9493608652925585,0.8093042749451257,0.9983689627870176,0.991485595703138
11289-1,Otsu,2902,26510,63,36061,0.09845631891739284,0.17926305711097612,0.0986672106653792,0.9787521079265177,0.5763212990050082,0.5945281982428062
11289-1,Adaptive,2592,19616,373,42955,0.11478676764042872,0.2059349302855999,0.11671469741031737,0.8741989881998584,0.6865001358461803,0.6949920654301529
11289-1,Canny,1546,2363,1419,60208,0.2901651651784879,0.4498108815907796,0.39549756972638794,0.5214165261544211,0.9622349011523513,0.942291259765713
11289-1,Blackhat,2463,355,502,62216,0.7418674698872931,0.8518070205801175,0.8740241305935407,0.8306913996684421,0.9943264451583093,0.9869232177734575
11289-1,UNet_no_TAFE,2735,1151,230,61420,0.6644800777535355,0.7984235878003442,0.7038085434970713,0.9224283305253819,0.9816048968372223,0.9789276123047197
11289-1,TAFE_channel,2124,162,841,62409,0.6792452830291255,0.8089887640485814,0.9291338582708165,0.716357504225418,0.9974109411708341,0.9846954345703358
11289-1,TAFE_spatial,2426,416,539,62155,0.7175391895972334,0.835543309801351,0.8536242083091617,0.8182124789268731,0.9933515526362159,0.9854278564453347
11289-1,TAFE_full,1978,99,987,62472,0.6455613577139178,0.7846092820352121,0.9523350987023431,0.6671163575154431,0.9984177973821764,0.9834289550781503
11289-10,Otsu,1509,21309,1,42717,0.06612910294462453,0.12405458731040753,0.0661320010558939,0.9993377483444147,0.667182082279594,0.6748352050786212
11289-10,Adaptive,1495,21233,15,42793,0.06573451172199915,0.12336001320602623,0.065777895111467,0.9900662251662208,0.6683691000536214,0.6757812500004947
11289-10,Canny,1238,5385,272,58641,0.17955039885163815,0.30443870651291727,0.18692435453439646,0.8198675496808034,0.9158935432481868,0.9136810302735692
11289-10,Blackhat,1487,3007,23,61019,0.3292007970040027,0.4953364423801576,0.3308856252930377,0.9847682119215385,0.9530347046513088,0.9537658691406955
11289-10,UNet_no_TAFE,1468,1548,42,62478,0.4800523217959434,0.6486964206882745,0.486737400547522,0.9721854304654182,0.9758223221816514,0.975738525390662
11289-10,TAFE_channel,1206,136,304,63890,0.7326852977076133,0.8457223001456619,0.8986587183384009,0.7986754967020745,0.9978758629306878,0.9932861328125102
11289-10,TAFE_spatial,1336,269,174,63757,0.7509836987211364,0.8577849117220615,0.8323987539045234,0.884768211928161,0.9957985818261397,0.9932403564453228
11289-10,TAFE_full,1210,112,300,63914,0.745992601741924,0.8545197740164364,0.9152798789776642,0.8013245033244156,0.9982507106488017,0.9937133789062595
11289-11,Otsu,1486,25998,3,38049,0.05406192018389034,0.10257826252337493,0.054067821281276136,0.9979852249833455,0.5940793479794618,0.6032562255865429
11289-11,Adaptive,1471,21103,18,42944,0.06511154391348659,0.12226239455129342,0.0651634623945018,0.9879113499000731,0.6705075959847135,0.6777191162114292
11289-11,Canny,1291,5580,198,58467,0.18262837743411192,0.3088516746494156,0.1878911366731496,0.8670248489008042,0.9128764813341563,0.9118347167970096
11289-11,Blackhat,1465,3051,24,60996,0.3226872246845223,0.4879267277354217,0.3244021257899823,0.9838817998667642,0.9523631083423855,0.9530792236328841
11289-11,UNet_no_TAFE,1453,1707,36,62340,0.4546307885026712,0.6250806625161307,0.45981012659937315,0.9758226998001462,0.9733476977844812,0.9734039306641031
11289-11,TAFE_channel,1193,191,296,63856,0.7101190476363024,0.8304907761980337,0.8619942196631507,0.8012088650234246,0.9970178150420831,0.9925689697265738
11289-11,TAFE_spatial,1338,505,151,63542,0.6710130391338509,0.8031212485053085,0.7259902333301145,0.8985896574950578,0.992115165425403,0.9899902343750153
11289-11,TAFE_full,1189,152,300,63895,0.724558196238601,0.8402826855180112,0.886651752432017,0.7985224983345519,0.9976267428607154,0.9931030273437605
11289-2,Otsu,2704,25125,64,37643,0.0969418850640055,0.17674935451457086,0.09716482806030699,0.9768786127175983,0.5997164160087948,0.615646362305274
11289-2,Adaptive,2547,20010,221,42758,0.11181842128759407,0.20114511352734,0.11291395132724691,0.9201589595404567,0.6812069844511834,0.6912994384770336
11289-2,Canny,1616,4732,1152,58036,0.21546666667712713,0.3545414655621485,0.2545683680016609,0.5838150289167697,0.9246112668877061,0.910217285156387
11289-2,Blackhat,2480,906,288,61862,0.6750136091541913,0.8059798505068901,0.73242764324476,0.8959537572291925,0.9855658934489141,0.9817810058594028
11289-2,UNet_no_TAFE,2567,1475,201,61293,0.6049964647748056,0.7538913362738048,0.6350816427601415,0.9273843930662072,0.9765007647209143,0.974426269531289
11289-2,TAFE_channel,1920,99,848,62669,0.6696895709916397,0.8021725506621648,0.9509658246681048,0.6936416185081777,0.9984227631914376,0.9855499267578346
11289-2,TAFE_spatial,2328,453,440,62315,0.7227569078012184,0.8390701027241112,0.8371089536196653,0.8410404624334884,0.9927829467244571,0.9863739013672083
11289-2,TAFE_full,1897,64,871,62704,0.6698446327800197,0.802283780930381,0.9673635900067638,0.6853323699535646,0.9989803721641617,0.9857330322265843
11289-3,Otsu,1723,24948,8,38857,0.06458263053688451,0.12132948384225994,0.06460200217815379,0.9953783939921792,0.6089961601761477,0.6192016601568311
11289-3,Adaptive,1668,22000,63,41805,0.07028780919864192,0.13134375369451023,0.07047490282630356,0.963604852688411,0.6551994357814354,0.6633453369145762
11289-3,Canny,1301,10398,430,53407,0.10726358315518787,0.1937453462457651,0.11120608599785275,0.751588677079631,0.8370347151479711,0.8347778320315021
11289-3,Blackhat,1721,11189,10,52616,0.13320433437203402,0.23509323134188173,0.13330751356209677,0.994222992490224,0.8246375675890218,0.8291168212893233
11289-3,UNet_no_TAFE,1614,916,117,62889,0.6097468832788159,0.7575686458634694,0.6379446640459311,0.9324090121356206,0.9856437583261725,0.9842376708984616
11289-3,TAFE_channel,1333,54,398,63751,0.74677871149878,0.8550352790296654,0.9610670511924249,0.7700751011109143,0.9991536713423727,0.9931030273437605
11289-3,TAFE_spatial,1391,149,340,63656,0.739893617035112,0.8505044328997095,0.9032467532530359,0.8035817446676151,0.9976647598150652,0.9925384521484489
11289-3,TAFE_full,1260,33,471,63772,0.7142857143019112,0.8333333333388447,0.9744779582386328,0.7279029462895492,0.9994827991536721,0.9923095703125118
11289-4,Otsu,2399,15722,19,47396,0.13224917310290932,0.233604362436177,0.1323878373206093,0.9921422663361397,0.7509109921104108,0.759811401367554
11289-4,Adaptive,2263,22107,155,41011,0.0922731906255157,0.1689562490698486,0.09286007386502723,0.935897435900087,0.6497512595461679,0.6603088378911434
11289-4,Canny,1937,13289,481,49829,0.1233208123822288,0.21956472455667894,0.12721660318450534,0.8010752688254312,0.7894578408698161,0.7898864746096956
11289-4,Blackhat,2319,3966,99,59152,0.36325187970922224,0.5329196828733433,0.3689737470267466,0.959057071961991,0.9371653094205501,0.9379730224610321
11289-4,UNet_no_TAFE,2223,1367,195,61751,0.587318361965989,0.740013315583555,0.6192200557209131,0.9193548387130126,0.9783421527932153,0.9761657714844114
11289-4,TAFE_channel,1721,40,697,63078,0.700162733942223,0.8236420196261393,0.9772856331642654,0.7117452440152298,0.9993662663582507,0.9887542724609547
11289-4,TAFE_spatial,1879,230,539,62888,0.7095921450260729,0.8301303291400457,0.8909435751592726,0.7770885029041734,0.9963560315599411,0.9882659912109554
11289-4,TAFE_full,1690,39,728,63079,0.6878306878433932,0.8150470219480336,0.977443609023861,0.6989247311952472,0.9993821096992944,0.9882965087890804
11289-5,Otsu,1978,20173,17,43368,0.08922771563023625,0.16383666031987146,0.08929619430685162,0.9914786967422817,0.6825199477507712,0.6919250488285951
11289-5,Adaptive,1888,21153,107,42388,0.08156212200154846,0.1508228151495813,0.0819408879862769,0.9463659147896558,0.6670968351148595,0.675598144531745
11289-5,Canny,1670,13202,325,50339,0.10989010989596704,0.19801980198495273,0.11229155460521589,0.8370927318377397,0.7922286397762197,0.7935943603518775
11289-5,Blackhat,1948,10028,47,53513,0.16202278966013456,0.27886335982192495,0.16265865064159438,0.9764411027580732,0.8421806392725293,0.8462677001955471
11289-5,UNet_no_TAFE,1831,1129,164,62412,0.5861075544306624,0.739051463173783,0.6185810810939669,0.9177944862196594,0.9822319447286284,0.9802703857422176
11289-5,TAFE_channel,1435,44,560,63497,0.7037763609757834,0.8261370178518671,0.9702501690351419,0.7192982456281054,0.9993075337183877,0.9907836914062641
11289-5,TAFE_spatial,1575,140,420,63401,0.7377049180450724,0.8490566037776535,0.9183673469435354,0.789473684221079,0.9977966981948698,0.991455078125013
11289-5,TAFE_full,1400,36,595,63505,0.6893156080901371,0.8160886039109272,0.9749303621187374,0.701754385979862,0.9994334366786808,0.9903717041015772
11289-6,Otsu,3172,578,73,61713,0.8297148836037218,0.906933523947006,0.8458666666707769,0.9775038520808165,0.990720970926794,0.9900665283203277
11289-6,Adaptive,3034,21559,211,40732,0.1223189808130853,0.21797542927215324,0.12336843817702854,0.9349768875212642,0.653898637042825,0.6678161621098819
11289-6,Canny,1571,14045,1674,48246,0.0908617698143964,0.16658713748387366,0.10060194672707094,0.4841294299080392,0.7745260149945024,0.7601470947269285
11289-6,Blackhat,2146,13503,1099,48788,0.12813470265626858,0.22716206203436454,0.137133363159709,0.6613251155728405,0.7832271114610727,0.777191162109715
11289-6,UNet_no_TAFE,3176,1193,69,61098,0.7156376746346184,0.8342526924108976,0.7269398031648675,0.9787365177202239,0.9808479555634347,0.9807434082031544
11289-6,TAFE_channel,2444,29,801,62262,0.7464874770999851,0.8548443511742769,0.9882733522042753,0.7531587057086854,0.9995344431779879,0.9873352050781443
11289-6,TAFE_spatial,2975,232,270,62059,0.8556226632195679,0.9221946683211067,0.9276582475856671,0.9167950693400063,0.9962755454239035,0.9923400878906367
11289-6,TAFE_full,2495,39,750,62252,0.7597442143800321,0.8634711887893498,0.9846093133392024,0.7688751926111287,0.9993739063428113,0.9879608154297058
11289-7,Otsu,3398,537,184,61417,0.8249575139639486,0.9040840760954625,0.8635324015282457,0.9486320491359957,0.9913322787875015,0.9889984130859543
11289-7,Adaptive,3331,22152,251,39802,0.12943965182587455,0.22921039050669462,0.13071459404649877,0.9299274148539942,0.6424443942285527,0.6581573486333341
11289-7,Canny,1649,14266,1933,47688,0.0923913043529113,0.16915422885998277,0.10361294376937724,0.46035734228195546,0.7697323820903094,0.7528228759769396
11289-7,Blackhat,2056,14668,1526,47286,0.11265753425143749,0.2025017236324116,0.12293709639366815,0.5739810162039648,0.7632436969368188,0.752899169922252
11289-7,UNet_no_TAFE,3443,1128,139,60826,0.7309978768634607,0.8445970808310487,0.7532268650239942,0.9611948632059968,0.9817929431513998,0.980667114257842
11289-7,TAFE_channel,3097,67,485,61887,0.8487256782721643,0.9181737325834839,0.9788242730727299,0.8646007816899888,0.9989185524744183,0.9915771484375129
11289-7,TAFE_spatial,3233,240,349,61714,0.8458922030390923,0.9165131112697872,0.9308954794146014,0.9025683975459919,0.9961261581173191,0.9910125732422013
11289-7,TAFE_full,3039,53,543,61901,0.8360385144474267,0.9106982319461987,0.9828589909449269,0.8484087102219875,0.9991445265842414,0.9909057617187639
11289-8,Otsu,1600,20607,47,43282,0.07189718702672825,0.1341494089077968,0.07204935381153668,0.9714632665469665,0.6774562131201343,0.6848449707036058
11289-8,Adaptive,1602,22278,45,41611,0.06695924765280267,0.12551416147950986,0.06708542713958507,0.9726775956300743,0.6513014759979788,0.6593780517583323
11289-8,Canny,1328,9321,319,54568,0.12107950401968381,0.21600520495107345,0.12470654522373269,0.806314511244304,0.8541063406848532,0.8529052734377245
11289-8,Blackhat,1629,10333,18,53556,0.13597662772006697,0.2394003968018267,0.13618124060243955,0.9890710382520297,0.8382663682326562,0.8420562744143035
11289-8,UNet_no_TAFE,1538,1147,109,62742,0.5504652827648366,0.7100646352790844,0.5728119180792249,0.9338190649706243,0.9820469877443972,0.9808349609375292
11289-8,TAFE_channel,1318,77,329,63812,0.7645011601064675,0.8665351742318693,0.9448028673874693,0.8002428658287649,0.9987947847047242,0.9938049316406344
11289-8,TAFE_spatial,1359,152,288,63737,0.7554196776122613,0.8606713109607134,0.8994043679748905,0.825136612032475,0.997620873702832,0.9932861328125102
11289-8,TAFE_full,1287,51,360,63838,0.7579505300495907,0.8623115577935574,0.9618834080745976,0.7814207650405938,0.9992017405187134,0.993728637695322
11289-9,Otsu,1316,22333,0,41887,0.05564717324599075,0.10542759864167663,0.05564717324599075,1.0,0.6522422921213762,0.6592254638677075
11289-9,Adaptive,1312,21310,4,42910,0.057986387346159345,0.10961650931945184,0.05799664044267529,0.9969604863224194,0.6681719090631141,0.6747741699223713
11289-9,Canny,1170,6393,146,57827,0.15177065768385303,0.2635431918091728,0.15470051567956236,0.8890577507683087,0.9004515727189342,0.9002227783204647
11289-9,Blackhat,1316,9412,0,54808,0.12266964952346504,0.2185320491595937,0.12266964952346504,1.0,0.8534412955467869,0.8563842773439692
11289-9,UNet_no_TAFE,1289,1191,27,63029,0.5141603510365313,0.6791359325690428,0.5197580645354937,0.9794832826763311,0.9814543755839591,0.9814147949219033
11289-9,TAFE_channel,1100,106,216,64114,0.7735583685110016,0.8723235527409864,0.912106135994021,0.8358662614106485,0.9983494238554993,0.9950866699218825
11289-9,TAFE_spatial,1164,212,152,64008,0.7617801047276322,0.8647845468103721,0.8459302325693365,0.8844984802519378,0.9966988477109986,0.9944458007812584
11289-9,TAFE_full,1082,108,234,64112,0.759831460691023,0.8635275339240412,0.9092436974866182,0.8221884498615358,0.9983182809093767,0.994781494140633
11294,Otsu,912,16360,22,48242,0.05273505262488299,0.10018675162528734,0.05280222325698933,0.9764453961481322,0.7467570663450872,0.7500305175785065
11294,Adaptive,919,22498,15,42104,0.03921987026698864,0.0754794464331014,0.03924499295793976,0.983940042828272,0.651744528033727,0.6564788818364616
11294,Canny,895,15302,39,49300,0.05512441488633207,0.10448893818747015,0.05525714639096587,0.9582441113535071,0.7631342682892741,0.7659149169925447
11294,Blackhat,911,12648,23,51954,0.0670740686271015,0.12571586283636435,0.06718784571821529,0.9753747323366836,0.8042165877220454,0.8066558837893575
11294,UNet_no_TAFE,796,1295,138,63307,0.3571108120521709,0.5262809917511974,0.38067910093827456,0.8522483940201019,0.9799541809851399,0.9781341552734709
11294,TAFE_channel,585,198,349,64404,0.5167844523395067,0.6814210833033535,0.7471264368139047,0.6263383298044606,0.9969350794093109,0.9916534423828253
11294,TAFE_spatial,753,524,181,64078,0.5164609053829587,0.681139755781043,0.5896632733289221,0.8062098501278148,0.9918887960125199,0.9892425537109539
11294,TAFE_full,624,232,310,64370,0.5351629502971558,0.6972067039275304,0.7289719626484846,0.6680942184509535,0.9964087799139401,0.9917297363281377
11295,Otsu,600,23622,0,41314,0.02477086946154417,0.048344210784592924,0.02477086946154417,1.0,0.6362264383398482,0.639556884766175
11295,Adaptive,599,22376,1,42560,0.026070682455492378,0.050816542952064406,0.02607181719683973,0.9983333333336111,0.6554145620308374,0.6585540771489585
11295,Canny,589,4742,11,60194,0.11025833023005881,0.19861743383580144,0.11048583757061553,0.9816666666697222,0.9269742515708899,0.9274749755860482
11295,Blackhat,600,16774,0,48162,0.03453436169543839,0.06676310226401044,0.03453436169543839,1.0,0.7416841197490734,0.7440490722660156
11295,UNet_no_TAFE,585,1085,15,63851,0.3471810089408201,0.5154185022239904,0.350299401236509,0.9750000000041666,0.983291240606161,0.9832153320312756
11295,TAFE_channel,452,125,148,64811,0.6234482759140072,0.7680543755507174,0.7833622184084295,0.7533333333744445,0.9980750277196038,0.9958343505859438
11295,TAFE_spatial,560,282,40,64654,0.6349206349620271,0.7766990291416991,0.6650831354317003,0.9333333333444445,0.9956572625354262,0.9950866699218825
11295,TAFE_full,490,138,110,64798,0.6639566396119301,0.798045602622309,0.7802547771050551,0.8166666666972223,0.9978748306024426,0.9962158203125058
11296-1,Otsu,2577,20180,9,42770,0.11319511552704385,0.2033697668026541,0.11323988223793452,0.9965197215778608,0.6794281175541232,0.6919403076176576
11296-1,Adaptive,2420,18522,166,44428,0.11464847451622773,0.20571234274394035,0.11555725337066393,0.9358081979916547,0.7057664813348598,0.7148437500004351
11296-1,Canny,2039,930,547,62020,0.5799203640620045,0.7341134113459206,0.6867632199499238,0.7884764114544287,0.9852263701350513,0.9774627685547219
11296-1,Blackhat,2497,5685,89,57265,0.30189819853340705,0.4637815750421268,0.3051821070727795,0.9655839133810679,0.9096902303416844,0.9118957519532594
11296-1,UNet_no_TAFE,1396,86,1190,62864,0.5224550898382315,0.6863323500568748,0.9419703103952787,0.5398298530727058,0.99863383637808,0.9805297851562798
11296-1,TAFE_channel,1307,23,1279,62927,0.500958221559948,0.6675178753915343,0.9827067669185935,0.5054137664537737,0.999634630659254,0.9801330566406553
11296-1,TAFE_spatial,1155,11,1431,62939,0.44474393533135376,0.6156716418012881,0.9905660377366582,0.4466357308798672,0.9998252581413823,0.9779968261719085
11296-1,TAFE_full,1122,6,1464,62944,0.4328703703922504,0.604200323112434,0.9946808510643014,0.43387470999869016,0.9999046862589358,0.9775695800781592
11296-10,Otsu,1825,24707,23,38981,0.0687252871434053,0.12861169838221065,0.06878486356449275,0.987554112554786,0.6120619268942155,0.6226501464849508
11296-10,Adaptive,1805,22357,43,41331,0.0745713695555688,0.13879277201407614,0.07470408079184379,0.9767316017328609,0.6489605577194307,0.6582031250005216
11296-10,Canny,1535,6592,313,57096,0.1818720379243854,0.30776942356583686,0.18887658423540205,0.8306277056368708,0.8964954151490132,0.8946380615235983
11296-10,Blackhat,1812,13868,36,49820,0.1152965131132903,0.20675490643994318,0.11556122449543647,0.9805194805205346,0.7822509734961339,0.7878417968753237
11296-10,UNet_no_TAFE,1469,583,379,63105,0.6042780748825883,0.7533333333396581,0.7158869395849958,0.7949134199245177,0.9908459992463402,0.9853210449218974
11296-10,TAFE_channel,1168,77,680,63611,0.6067532467736751,0.7552537989086565,0.9381526104467347,0.6320346320545436,0.9987909810325355,0.9884490966797052
11296-10,TAFE_spatial,1338,172,510,63516,0.6623762376404765,0.7969029184098599,0.8860927152393316,0.7240259740409077,0.9972993342544949,0.9895935058593909
11296-10,TAFE_full,1145,64,703,63624,0.598849372405918,0.7491004252617239,0.9470636890035514,0.6195887446093297,0.9989951011179515,0.9882965087890804
11296-11,Otsu,1951,21792,13,41780,0.08212662064706969,0.15178745089216247,0.08217158741910385,0.9933808553974857,0.6572075756627804,0.6672821044926952
11296-11,Adaptive,1937,21257,27,42315,0.08341587356667061,0.15398680340585902,0.08351297749813093,0.9862525458255472,0.6656232303535116,0.6752319335942456
11296-11,Canny,1865,5329,99,58243,0.25572466749957873,0.40729416903901183,0.2592438142999827,0.9495926680270065,0.9161737872020447,0.9171752929688763
11296-11,Blackhat,1930,12051,34,51521,0.13770959686665923,0.24208215742087122,0.13804448895545351,0.982688391039578,0.8104354118168212,0.8155975341799688
11296-11,UNet_no_TAFE,1613,818,351,62754,0.5797987059820346,0.7340159271960406,0.6635129576444463,0.8212830957321139,0.9871326999308074,0.9821624755859647
11296-11,TAFE_channel,1328,124,636,63448,0.6360153256879304,0.7775175644093233,0.9146005509700689,0.6761710794462235,0.9980494557352324,0.9884033203125177
11296-11,TAFE_spatial,1417,180,547,63392,0.6609141791202933,0.7958438640888558,0.887288666256275,0.7214867617249753,0.9971685647769503,0.9889068603515794
11296-11,TAFE_full,1224,86,740,63486,0.5970731707513623,0.7477092241982984,0.9343511450431793,0.6232179226261091,0.9986472031712096,0.9873962402343942
11296-12,Otsu,2478,17236,16,45806,0.12559553979155805,0.2231628242109908,0.1256974738808679,0.9935846030475708,0.7265949684341763,0.7367553710941517
11296-12,Adaptive,2436,20971,58,42071,0.10381419135263663,0.18810084553033435,0.10407143162684636,0.9767441860474441,0.6673487516264278,0.6791229248051771
11296-12,Canny,1702,3442,792,59600,0.28672506739746084,0.44566640482527276,0.3308709175868805,0.682437850854754,0.9454014783795797,0.9353942871094736
11296-12,Blackhat,2432,7681,62,55361,0.23901719902467794,0.3858174030349344,0.24048254722396434,0.9751403368093368,0.8781605913519905,0.8818511962892428
11296-12,UNet_no_TAFE,1770,483,724,62559,0.594558280161419,0.7457341478882298,0.7856191744436033,0.7097032879025781,0.9923384410393192,0.9815826416015906
11296-12,TAFE_channel,1509,74,985,62968,0.5876168224459651,0.7402501839651643,0.9532533164906347,0.6050521251160765,0.9988261793724837,0.9838409423828371
11296-12,TAFE_spatial,1634,110,860,62932,0.6274961597685293,0.7711184521054478,0.9369266055082037,0.6551724138069298,0.998255131499638,0.9851989746093975
11296-12,TAFE_full,1418,28,1076,63014,0.5622521808262391,0.7197969543218325,0.9806362378989878,0.5685645549491354,0.9995558516544533,0.9831542968750258
11296-13,Otsu,2480,17885,20,45151,0.12165808192729134,0.21692543188621505,0.12177755954273617,0.99200000000032,0.716273240688311,0.7267913818363544
11296-13,Adaptive,2469,19749,31,43287,0.11097127961206808,0.19977344445667217,0.1111261139656534,0.987600000000496,0.6867028364748926,0.6981811523442105
11296-13,Canny,1524,3236,976,59800,0.26569037658183947,0.4198347107517929,0.32016806724117297,0.6096000000156161,0.9486642553462329,0.935729980468848
11296-13,Blackhat,2440,3325,60,59711,0.41888412018165005,0.5904416212995711,0.4232437120655118,0.97600000000096,0.9472523637287467,0.9483489990235163
11296-13,UNet_no_TAFE,2256,720,244,62316,0.7006211180217198,0.8239590942325793,0.7580645161371617,0.902400000003904,0.9885779554540444,0.9852905273437724
11296-13,TAFE_channel,1997,131,503,62905,0.7590269859460652,0.8630077787410759,0.9384398496269531,0.7988000000080481,0.9979218224506664,0.9903259277343898
11296-13,TAFE_spatial,2104,149,396,62887,0.7942619856627308,0.8853355775323936,0.9338659565053765,0.841600000006336,0.9976362713370175,0.9916839599609502
11296-13,TAFE_full,1876,40,624,62996,0.7385826771756464,0.8496376811628252,0.9791231732787514,0.7504000000099841,0.9993654419696691,0.9898681640625154
11296-14,Otsu,2045,15376,36,48079,0.11714498482490035,0.2097220797907408,0.11738706159739747,0.982700624700495,0.7576865495236661,0.7648315429691088
11296-14,Adaptive,2060,19808,21,43647,0.09411119740922787,0.17203223516985247,0.09420157307895462,0.9899086977419553,0.687841777638188,0.6974334716801491
11296-14,Canny,1501,3112,580,60343,0.2890429424361825,0.44846130864283745,0.3253847821520619,0.7212878423968627,0.9509573713656119,0.9436645507813359
11296-14,Blackhat,1996,1705,85,61750,0.5272054939374748,0.6904185403028291,0.5393136990127179,0.9591542527650576,0.973130564967342,0.9726867675781666
11296-14,UNet_no_TAFE,1990,841,91,62614,0.681040383310026,0.810260586323081,0.7029318262203134,0.9562710235484734,0.9867465132771464,0.9857788085937716
11296-14,TAFE_channel,1840,200,241,63255,0.8066637439804182,0.8929871390465182,0.9019607843185313,0.8841902931338689,0.9968481601134712,0.9932708740234477
11296-14,TAFE_spatial,1864,240,217,63215,0.8031021111674667,0.8908004778998614,0.8859315589407828,0.8957232100002056,0.9962177921361655,0.9930267333984482
11296-14,TAFE_full,1719,115,362,63340,0.782786885255793,0.878160919543342,0.9372955289020013,0.8260451705994213,0.9981876920652459,0.9927215576171986
11296-15,Otsu,1949,18093,1,45493,0.09724093200071227,0.17724627137514892,0.09724578385841111,0.9994871794872058,0.7154562325044578,0.7239074707035463
11296-15,Adaptive,1935,20577,15,43009,0.08589692369562793,0.15820456218151333,0.08595415778657625,0.9923076923080868,0.6763910294724053,0.6857910156254794
11296-15,Canny,1413,5580,537,58006,0.18764940240122646,0.3160013418392485,0.20205920207061265,0.7246153846295069,0.9122448337685776,0.9066619873048299
11296-15,Blackhat,1939,9645,11,53941,0.16722725313352974,0.28653760899005065,0.16738604973094454,0.9943589743592637,0.8483156669709554,0.8526611328127248
11296-15,UNet_no_TAFE,1839,787,111,62799,0.6719035440382937,0.8037587412630297,0.700304645860613,0.9430769230798423,0.9876230616802636,0.9862976074218959
11296-15,TAFE_channel,1554,122,396,63464,0.7500000000120657,0.8571428571467969,0.9272076372358468,0.7969230769334912,0.9980813386594564,0.9920959472656371
11296-15,TAFE_spatial,1736,251,214,63335,0.788732394375796,0.8818897637825276,0.8736789129404289,0.8902564102620382,0.996052590192816,0.9929046630859484
11296-15,TAFE_full,1521,107,429,63479,0.7394263490646853,0.8501956400265457,0.9342751842792214,0.7800000000112821,0.9983172396439495,0.9918212890625124
11296-16,Otsu,1113,21145,6,43272,0.04999101689251711,0.09522179920821652,0.05000449277091381,0.994638069705573,0.6717481410191848,0.677261352539555
11296-16,Adaptive,1092,22646,27,41771,0.04594992636631202,0.08786257392650816,0.0460021905845227,0.9758713136750785,0.6484468385680047,0.6540374755864654
11296-16,Canny,1101,7747,18,56670,0.12418226935343805,0.2209290659253443,0.1244349005523911,0.983914209116719,0.8797367154634961,0.8815155029298682
11296-16,Blackhat,1117,16067,2,48350,0.06499476318477253,0.12205649347581239,0.06500232775218225,0.9982126899018576,0.7505782635022579,0.7548065185550616
11296-16,UNet_no_TAFE,952,513,167,63904,0.5833333333588643,0.7368421052733422,0.6498293515597385,0.8507596068051152,0.9920362637192169,0.9896240234375159
11296-16,TAFE_channel,766,76,353,64341,0.6410041841304598,0.781234064264088,0.9097387173503874,0.6845397676778784,0.9988201872176617,0.9934539794921975
11296-16,TAFE_spatial,854,168,265,64249,0.663558663584805,0.7977580569921646,0.8356164383722489,0.763181411996141,0.9973919927969366,0.9933929443359476
11296-16,TAFE_full,735,55,384,64362,0.6260647359773368,0.7700366684248279,0.9303797468442557,0.6568364611566723,0.9991461881180447,0.9933013916015727
11296-17,Otsu,726,28152,7,36651,0.025134152677773466,0.04903583128212814,0.025140245172708842,0.9904502046397748,0.5655756677938281,0.5703277587897181
11296-17,Adaptive,708,24228,25,40575,0.028364248231127098,0.05516381628012325,0.028392685278198614,0.965893587999196,0.6261284199811334,0.6299285888677522
11296-17,Canny,669,12948,64,51855,0.04889993422228711,0.09324041812478578,0.049129764272239626,0.9126875852779417,0.8001944354431119,0.801452636719053
11296-17,Blackhat,715,18168,18,46635,0.03782868631798408,0.07289967374045218,0.037864746072986996,0.975443383359421,0.7196426091388984,0.7225036621097984
11296-17,UNet_no_TAFE,540,174,193,64629,0.5953693495484709,0.7463718037493869,0.7563025210425347,0.7366984993537928,0.9973149391231929,0.994400024414071
11296-17,TAFE_channel,267,2,466,64801,0.3632653062090796,0.5329341317831403,0.9925650557648457,0.3642564803050128,0.9999691372313011,0.9928588867187609
11296-17,TAFE_spatial,485,81,248,64722,0.5958230958727491,0.7467282525214219,0.856890459389242,0.6616643929520241,0.9987500578676932,0.9949798583984452
11296-17,TAFE_full,354,21,379,64782,0.4694960212905178,0.6389891697076724,0.9440000000149333,0.4829467940678109,0.9996759409286612,0.9938964843750093
11296-18,Otsu,1403,23992,18,40123,0.05520796443137289,0.1046390214830525,0.05524709588873697,0.9873328641810463,0.6257973953058944,0.633636474609934
11296-18,Adaptive,1388,23331,33,40784,0.056076276668325487,0.10619739862621959,0.05615113880393159,0.9767769176652514,0.6361069952434905,0.643493652344294
11296-18,Canny,1183,9827,238,54288,0.10517425320852442,0.19033062505679083,0.10744777475833381,0.8325123152827226,0.8467285346645141,0.8464202880861719
11296-18,Blackhat,1387,15388,34,48727,0.08251531917971018,0.1524510881558999,0.0826825633437694,0.9760731878975318,0.7599937612106995,0.764678955078484
11296-18,UNet_no_TAFE,970,239,451,63876,0.5843373494226303,0.7376425855613065,0.8023159636226371,0.6826178747584364,0.9962723231693109,0.9894714355468911
11296-18,TAFE_channel,911,91,510,64024,0.6025132275395163,0.7519603797048304,0.9091816367356106,0.6410978184629769,0.9985806753489845,0.9908294677734515
11296-18,TAFE_spatial,881,69,540,64046,0.5912751678126661,0.7431463517611495,0.9273684210602771,0.6199859254313873,0.9989238087810981,0.9907073974609517
11296-18,TAFE_full,812,57,609,64058,0.5493910690426663,0.709170305689556,0.9344073647946597,0.5714285714587313,0.999110972471342,0.9898376464843905
11296-19,Otsu,988,18123,0,46425,0.05169797499318875,0.0983133489273182,0.05169797499318875,1.0,0.719232199293984,0.7234649658207345
11296-19,Adaptive,981,21675,7,42873,0.043286413982953326,0.08298088310318483,0.04329978813981594,0.9929149797578021,0.6642033835290572,0.6691589355473798
11296-19,Canny,784,5147,204,59401,0.1277913610574117,0.2266223442805807,0.13218681505425414,0.7935222672273763,0.9202608911199104,0.9183502197266871
11296-19,Blackhat,982,14835,6,49713,0.06206155596876659,0.11686997917812038,0.06208509831787263,0.9939271255066875,0.7701710355088149,0.773544311523783
11296-19,UNet_no_TAFE,944,643,44,63905,0.5787860208719321,0.7332038835055067,0.5948330182990023,0.9554655870490419,0.9900384210200316,0.9895172119140785
11296-19,TAFE_channel,848,103,140,64445,0.7772685609736691,0.8746776689079588,0.8916929547958262,0.8582995951560426,0.9984042882815913,0.9962921142578182
11296-19,TAFE_spatial,880,151,108,64397,0.7726075505028438,0.8717186726165568,0.8535402521965527,0.8906882591203756,0.9976606556361194,0.9960479736328185
11296-19,TAFE_full,794,70,194,64478,0.7504725898156452,0.857451403895386,0.9189814814908587,0.8036437247162304,0.9989155357253534,0.9959716796875061
11296-2,Otsu,2296,20287,14,42939,0.10160640793423194,0.18446952958990692,0.10166939733825589,0.9939393939396564,0.679135165913265,0.6902313232426601
11296-2,Adaptive,2103,20583,207,42643,0.091862141269856,0.16826692271096066,0.09270034382838445,0.9103896103934896,0.6744535475916957,0.6827697753911091
11296-2,Canny,1604,776,706,62450,0.5197666882851664,0.6840085287913857,0.6739495798456324,0.6943722943855251,0.9877265681839944,0.9773864746094095
11296-2,Blackhat,2262,9448,48,53778,0.19237965641101903,0.32268188302908213,0.19316823228699256,0.9792207792216787,0.8505678043845086,0.855102539062721
11296-2,UNet_no_TAFE,736,34,1574,63192,0.31399317409069993,0.4779220779390286,0.9558441558498904,0.3186147186442158,0.9994622465441441,0.9754638671875374
11296-2,TAFE_channel,1007,39,1303,63187,0.4286930609012902,0.6001191895232385,0.9627151051660883,0.4359307359551545,0.9993831651535771,0.9795227050781562
11296-2,TAFE_spatial,646,13,1664,63213,0.2780886784641374,0.43516335468389483,0.9802731411259069,0.2796536796848635,0.9997943883845257,0.9744110107422266
11296-2,TAFE_full,822,15,1488,63211,0.3535483871245786,0.522402287908408,0.9820788530487361,0.3558441558720414,0.9997627558282989,0.9770660400390975
11296-20,Otsu,915,23800,0,40821,0.03702205138969442,0.07140070230561295,0.03702205138969442,1.0,0.6316986738062987,0.6368408203130541
11296-20,Adaptive,904,22473,11,42148,0.038652300329063395,0.07442779516271024,0.038670488090693116,0.9879781420778166,0.6522337939684434,0.6569213867192735
11296-20,Canny,894,3004,21,61617,0.22811941823862925,0.3714938707797321,0.22934838380632763,0.9770491803303771,0.953513563702274,0.9538421630860079
11296-20,Blackhat,914,15924,1,48697,0.05427875765155722,0.10296851236916033,0.05428198123854209,0.998907103825256,0.7535785580542648,0.7570037841800583
11296-20,UNet_no_TAFE,828,646,87,63975,0.5304292120736431,0.693177061544865,0.5617367707217275,0.9049180327972767,0.9900032497175996,0.9888153076172046
11296-20,TAFE_channel,627,76,288,64545,0.6326942482711712,0.7750309023624826,0.89189189190727,0.6852459016737436,0.9988239117314823,0.9944458007812584
11296-20,TAFE_spatial,719,121,196,64500,0.6940154440449792,0.8193732193835115,0.8559523809695295,0.7857923497501866,0.9981275436777547,0.9951629638671948
11296-20,TAFE_full,613,65,302,64556,0.6255102041198459,0.7696170747162827,0.9041297935244647,0.6699453552273283,0.9989941350335046,0.994400024414071
11296-21,Otsu,1127,26582,0,37827,0.04067270562257508,0.07816618116563265,0.04067270562257508,1.0,0.5872937011914682,0.594390869141244
11296-21,Adaptive,1118,22846,9,41563,0.046635798610742775,0.08911561914993775,0.04665331330726651,0.9920141969838496,0.6452980173583733,0.6512603759770946
11296-21,Canny,1072,5754,55,58655,0.1557913094149718,0.26958380486269856,0.15704658659306994,0.9511978704568591,0.9106646586658531,0.9113616943360727
11296-21,Blackhat,1125,15258,2,49151,0.06866036009112811,0.1284980011471816,0.06866874199433151,0.9982253771075221,0.7631076402369807,0.7671508789066053
11296-21,UNet_no_TAFE,1020,452,107,63957,0.6459784674068411,0.7849172758836124,0.692934782629556,0.9050576752524349,0.9929823471875158,0.9914703369140755
11296-21,TAFE_channel,719,27,408,64382,0.6230502599980025,0.767752269099426,0.963806970514235,0.6379769299345184,0.999580803924918,0.9933624267578226
11296-21,TAFE_spatial,874,65,253,64344,0.7332214765324477,0.8460793804527552,0.9307774227975742,0.7755102041015518,0.9989908242636915,0.9951477050781324
11296-21,TAFE_full,719,17,408,64392,0.6284965035289775,0.7718733226102054,0.9769021739161817,0.6379769299345184,0.9997360617305039,0.9935150146484474
11296-22,Otsu,2282,24449,10,38795,0.08533712277369829,0.15725459118920423,0.08536904717711506,0.9956369982549896,0.6134178736328926,0.6267852783208819
11296-22,Adaptive,2233,20215,59,43029,0.09921357800195843,0.18051738076321536,0.0994743407025148,0.974258289704439,0.6803649358046924,0.6906433105473471
11296-22,Canny,2139,3762,153,59482,0.3533201189403151,0.5221530574939319,0.36248093544547566,0.9332460733013418,0.9405160963886843,0.9402618408204036
11296-22,Blackhat,2265,8543,27,54701,0.2090447623515547,0.3458015267225511,0.20956698742404173,0.9882198952884721,0.8649199924105608,0.8692321777345745
11296-22,UNet_no_TAFE,1344,247,948,62997,0.529342260751109,0.6922482616612864,0.8447517284824166,0.5863874345730198,0.9960944911770349,0.9817657470703404
11296-22,TAFE_channel,1022,63,1270,63181,0.4339702760325278,0.6052709505595123,0.9419354838763192,0.4458987783836868,0.9990038580734947,0.9796600341797186
11296-22,TAFE_spatial,1205,58,1087,63186,0.5127659574675419,0.6779184247629277,0.9540775930360984,0.525741710317376,0.9990829169565507,0.9825286865234641
11296-22,TAFE_full,1046,24,1246,63220,0.4516407599545924,0.6222486615222412,0.9775700934600402,0.4563699825717117,0.9996205173613313,0.9806213378906545
11296-23,Otsu,1652,32221,8,31655,0.04875889141687448,0.09298398671912592,0.04877040711171502,0.9951807228918566,0.4955695409864494,0.5082244873054379
11296-23,Adaptive,1615,21033,45,42843,0.07116732032313415,0.13287806483818956,0.07130872483631531,0.9728915662666933,0.6707213977085749,0.6783752441411157
11296-23,Canny,1468,2450,192,61426,0.3571776155874166,0.5263535317402949,0.3746809596892629,0.884337349404558,0.961644436094994,0.9596862792969365
11296-23,Blackhat,1647,14987,13,48889,0.098936745364937,0.18005903575390805,0.09901406757785852,0.992168674699267,0.765373536226806,0.7711181640628493
11296-23,UNet_no_TAFE,933,20,727,63856,0.5553571428836096,0.7141216992072668,0.9790136411354655,0.562048192797467,0.9996868933558775,0.9886016845703299
11296-23,TAFE_channel,883,6,777,63870,0.5300120048301313,0.6928207140175434,0.9932508436453036,0.5319277108715705,0.9999060680067633,0.9880523681640807
11296-23,TAFE_spatial,800,2,860,63874,0.4813477737977528,0.6498781478614998,0.997506234414276,0.48192771087458264,0.9999686893355878,0.9868469238281451
11296-23,TAFE_full,760,2,900,63874,0.4572803851108736,0.6275805119889521,0.9973753280843339,0.45783132533386556,0.9999686893355878,0.986236572265646
11296-3,Otsu,2875,19230,74,43357,0.12962712476157792,0.22950427077820107,0.13006107215955637,0.9749067480510374,0.692747695208761,0.7054443359379494
11296-3,Adaptive,2592,20020,357,42567,0.11284775132085485,0.2028089667884558,0.11462940032233047,0.878942014246221,0.6801252656307538,0.6890716552739119
11296-3,Canny,1972,1402,977,61185,0.4532291427383767,0.6237545468982484,0.5844694724485932,0.6687012546738318,0.977599181938777,0.9636993408203679
11296-3,Blackhat,2703,5243,246,57344,0.3299560546956792,0.49619091326758885,0.34017115530656716,0.9165818921696649,0.9162286097753268,0.9162445068360653
11296-3,UNet_no_TAFE,1838,188,1111,62399,0.5859101052092475,0.7388944723670574,0.9072063178722998,0.6232621227662509,0.9969961813156135,0.9801788330078427
11296-3,TAFE_channel,1177,16,1772,62571,0.3969645868668815,0.5683244809375103,0.9865884325241753,0.3991183452221391,0.999744355856648,0.9727172851562916
11296-3,TAFE_spatial,1624,23,1325,62564,0.5464333782117621,0.7067014795538141,0.9860352155442602,0.5506951509138456,0.9996325115439314,0.9794311523437814
11296-3,TAFE_full,1283,4,1666,62583,0.43447341688335683,0.605760151095237,0.9968919968922384,0.4350627331490315,0.999936088964162,0.9745178222656639
11296-4,Otsu,2653,18464,37,44382,0.12541363335952815,0.22287562481949477,0.1256333759571642,0.9862453531603627,0.7062024631643921,0.7176971435551183
11296-4,Adaptive,2401,19215,289,43631,0.10960967815973699,0.19756438739736046,0.1110751295377911,0.8925650557660756,0.694252617509954,0.7023925781254541
11296-4,Canny,1654,1080,1036,61766,0.4387267904658163,0.6098820059068975,0.60497439650311,0.6148698884901536,0.9828151354103956,0.9677124023437993
11296-4,Blackhat,2300,810,390,62036,0.6571428571526531,0.7931034482794292,0.7395498392366704,0.8550185873659845,0.9871113515577966,0.981689453125028
11296-4,UNet_no_TAFE,1073,44,1617,62802,0.39246525239969043,0.5636984502347334,0.9606087735039741,0.3988847583866586,0.9992998758870902,0.9746551513672261
11296-4,TAFE_channel,1487,39,1203,62807,0.5448882374662922,0.7054079696464561,0.9744429882061308,0.5527881041058443,0.9993794354453754,0.9810485839844039
11296-4,TAFE_spatial,1004,17,1686,62829,0.3708902844709682,0.5410940447442444,0.9833496572004554,0.37323420076679426,0.9997294975018303,0.9740142822266021
11296-4,TAFE_full,1320,15,1370,62831,0.4879852125882446,0.6559006211265614,0.9887640449446619,0.4907063197215351,0.9997613213251444,0.9788665771484697
11296-5,Otsu,2354,15716,4,47462,0.13024233706357063,0.23046798512223188,0.1302711676860527,0.9983036471586809,0.7512425211311671,0.760131835937866
11296-5,Adaptive,2311,19078,47,44100,0.10780929278266556,0.19463511180698767,0.10804619197200407,0.9800678541145009,0.6980277944859001,0.7081756591801328
11296-5,Canny,1653,1418,705,61760,0.4377648305233643,0.6089519248552413,0.5382611527340195,0.7010178117175142,0.9775554781728172,0.9676055908203619
11296-5,Blackhat,2280,1216,78,61962,0.6379406827185803,0.7789545609877185,0.6521739130534275,0.9669211195942782,0.9807527936940379,0.9802551269531551
11296-5,UNet_no_TAFE,1606,300,752,62878,0.6042136945220387,0.7532833020695759,0.8426023085077333,0.6810856658320151,0.9952515116021475,0.9839477539062745
11296-5,TAFE_channel,1421,128,937,63050,0.5716009654235077,0.7274123368383053,0.917366042613469,0.6026293469210081,0.9979739782835829,0.9837493896484623
11296-5,TAFE_spatial,1394,74,964,63104,0.573190789491234,0.7286983795157161,0.9495912806573847,0.5911789652421044,0.9988287061951964,0.9841613769531492
11296-5,TAFE_full,1282,36,1076,63142,0.5355054302616749,0.6974972796600245,0.9726858877107218,0.5436810856851705,0.9994301813922577,0.9830322265625259
11296-6,Otsu,1840,22330,0,41366,0.07612743070303629,0.14148404460153216,0.07612743070303629,1.0,0.6494285355443836,0.6592712402348949
11296-6,Adaptive,1757,20995,83,42701,0.07694328881507798,0.14289199740101297,0.07722398031347916,0.9548913043502777,0.670387465461457,0.6783752441411157
11296-6,Canny,1495,1312,345,62384,0.4743020304735311,0.6434258661578777,0.5325970787483935,0.8125000000101902,0.9794021602612732,0.9747161865234761
11296-6,Blackhat,1819,12390,21,51306,0.12782853127808974,0.22668079008519731,0.1280174537326482,0.9885869565223594,0.8054822908819934,0.8106231689456015
11296-6,UNet_no_TAFE,1035,84,805,63612,0.5379417879658035,0.6995606623960946,0.924932975878022,0.5625000000237772,0.9986812358703864,0.9864349365234582
11296-6,TAFE_channel,1013,57,827,63639,0.5340010543208222,0.696219931281917,0.9467289719675953,0.5505434782852965,0.9991051243406194,0.9865112304687705
11296-6,TAFE_spatial,866,35,974,63661,0.4618666666953671,0.6318861729430177,0.9611542730342781,0.47065217394181236,0.9994505149459944,0.984603881835961
11296-6,TAFE_full,870,29,970,63667,0.46548956664176083,0.6352683461250359,0.9677419354874592,0.4728260869851725,0.9995447123838239,0.9847564697265858
11296-7,Otsu,1436,19622,0,44478,0.06819261088864947,0.1276784920462004,0.06819261088864947,1.0,0.6938845553826929,0.7005920410160819
11296-7,Adaptive,1420,21701,16,42399,0.06137355750935137,0.11564930570055117,0.061416028722540476,0.9888579387194388,0.6614508580348495,0.6686248779301931
11296-7,Canny,1351,1852,85,62248,0.4108880778767979,0.5824531149044524,0.4217920699524886,0.940807799447019,0.9711076443058173,0.9704437255859826
11296-7,Blackhat,1432,11937,4,52163,0.10708143274428265,0.19344815941105403,0.10711347147051303,0.9972144846798597,0.8137753510143311,0.8177947998049655
11296-7,UNet_no_TAFE,1366,568,70,63532,0.6816367265627926,0.8106824925872201,0.7063081696118765,0.951253481897545,0.991138845553836,0.9902648925781399
11296-7,TAFE_channel,1155,47,281,64053,0.7788267026447184,0.8756633813542205,0.9608985024990933,0.804317548760145,0.999266770670828,0.9949951171875077
11296-7,TAFE_spatial,1210,79,226,64021,0.7986798680000872,0.8880733944995203,0.9387121799892387,0.8426183844120739,0.99876755070203,0.9953460693359446
11296-7,TAFE_full,1072,25,364,64075,0.7337440109696274,0.8464271614746771,0.9772105742956052,0.7465181058672341,0.9996099843993765,0.9940643310546966
11296-8,Otsu,2168,17524,11,45833,0.11003400497837874,0.19825339491016297,0.11009547024624164,0.9949518127583776,0.7234086209894354,0.7324371337894707
11296-8,Adaptive,2135,19930,44,43427,0.09656700891448473,0.17612605181003083,0.09675957399004413,0.9798072510335104,0.6854333380689025,0.6952209472660901
11296-8,Canny,1899,2675,280,60682,0.3912237330162501,0.56241670369373,0.4151727153604029,0.8715006883950666,0.9577789352400559,0.9549102783203813
11296-8,Blackhat,2127,7223,52,56134,0.2262284620375853,0.36898256570935045,0.22748663102430491,0.9761358421305123,0.8859952333603454,0.8889923095704819
11296-8,UNet_no_TAFE,1759,264,420,63093,0.720016373322963,0.8372203712556587,0.8695007414795106,0.8072510325925999,0.9958331360386448,0.9895629882812659
11296-8,TAFE_channel,1589,87,590,63270,0.7012356575595219,0.8243839169954764,0.9480906921272022,0.7292335934038903,0.9986268289218261,0.9896697998047033
11296-8,TAFE_spatial,1553,72,626,63285,0.6899155930835222,0.8165089379648657,0.9556923076950343,0.7127122533403988,0.9988635825559941,0.9893493652343912
11296-8,TAFE_full,1440,40,739,63317,0.6489409644141984,0.7871003006344055,0.9729729729747991,0.6608536025855506,0.9993686569755522,0.9881134033203306
11296-9,Otsu,2676,16786,7,46067,0.13744927834435539,0.24167983743851126,0.1374987154499152,0.9973909802460905,0.7329323978175538,0.7437591552738285
11296-9,Adaptive,2649,19988,34,42865,0.11684530898894249,0.2092417061642605,0.11702080664789052,0.987327618338154,0.6819881310364152,0.6944885253910912
11296-9,Canny,2046,2992,637,59861,0.3605286343725017,0.5299831628088333,0.4061135371296921,0.7625792023942386,0.95239686252056,0.944625854492272
11296-9,Blackhat,2657,7160,26,55693,0.2699380270316982,0.425120000004599,0.27065294897350867,0.9903093551997648,0.8860834009516075,0.8903503417970423
11296-9,UNet_no_TAFE,2047,207,636,62646,0.7083044982799895,0.8292485315003191,0.908163265310197,0.76295191950194,0.996706601116897,0.9871368408203322
11296-9,TAFE_channel,2054,186,629,62667,0.715928895095297,0.8344505382930235,0.9169642857179927,0.7655609392558493,0.997040714047067,0.9875640869140815
11296-9,TAFE_spatial,1844,86,839,62767,0.6659443842663076,0.7994797311987973,0.9554404145100808,0.6872903466385655,0.9986317280002568,0.985885620117209
11296-9,TAFE_full,1838,66,845,62787,0.6686067661088175,0.8013952474427426,0.9653361344556021,0.6850540439923574,0.9989499307908947,0.9860992431640837
11300,Otsu,1290,25766,9,38471,0.047663033441538286,0.09098924352286725,0.04767888823533531,0.9930715935340206,0.5988916045276105,0.6067047119146626
11300,Adaptive,1239,21635,60,42602,0.05402459231248791,0.10251106606915768,0.054166302356150366,0.9538106235601378,0.6632003362553307,0.6689605712895677
11300,Canny,1121,10874,178,53363,0.09208904954331644,0.16864751016121068,0.09345560651026714,0.862971516561742,0.8307206127312441,0.8313598632815073
11300,Blackhat,1288,13488,11,50749,0.08710353689668558,0.16024883359775893,0.08716838116481343,0.9915319476526919,0.7900275542136307,0.7940216064456268
11300,UNet_no_TAFE,1233,336,66,63901,0.7541284403820105,0.8598326359881509,0.7858508604342989,0.9491916859161516,0.9947693696779196,0.9938659667968843
11300,TAFE_channel,1004,47,295,64190,0.7459138187410167,0.8544680851125759,0.9552806850661006,0.7729022325040106,0.9992683344489947,0.994781494140633
11300,TAFE_spatial,1124,110,175,64127,0.7977288857489192,0.887485195424892,0.9108589951449871,0.8652809853837351,0.9982875912636047,0.9956512451171942
11300,TAFE_full,928,32,371,64205,0.6972201352594124,0.8216024789808942,0.9666666666701389,0.7143956890135184,0.9995018447312305,0.9938507080078219
11301-1,Otsu,6253,171,598,58514,0.8904870407306965,0.9420715630889486,0.9733810709842251,0.9127134724870426,0.9970861378546526,0.9882659912109554
11301-1,Adaptive,6268,13903,583,44782,0.30201406958031213,0.463918288803701,0.3107431461042549,0.914902933879508,0.7630910794926078,0.7789611816409623
11301-1,Canny,1400,1496,5451,57189,0.16772493112294568,0.2872678773028904,0.48342541438247844,0.2043497299780419,0.974507966260587,0.8939971923829743
11301-1,Blackhat,1960,696,4891,57989,0.2597058433912852,0.41232775849992287,0.737951807238782,0.2860896219634201,0.9881400698645512,0.9147491455079426
11301-1,UNet_no_TAFE,6802,1161,49,57524,0.8489765351990891,0.918320507628471,0.8542006781382118,0.9928477594512795,0.980216409644747,0.9815368652344032
11301-1,TAFE_channel,6673,387,178,58298,0.9219397623663728,0.9593846596221739,0.9451841359781136,0.9740183914760762,0.9934054698815823,0.9913787841797006
11301-1,TAFE_spatial,6728,482,123,58203,0.9174962498306628,0.9569731882514972,0.9331484049939924,0.982046416581783,0.9917866575786116,0.9907684326172016
11301-1,TAFE_full,6505,201,346,58484,0.9224333522415991,0.9596518403779623,0.9700268416348042,0.9494964238804627,0.996574933969504,0.9916534423828253
11301-2,Otsu,7928,91,654,56863,0.9141012337148148,0.9551231853505504,0.9886519516150561,0.9237939874164087,0.9984022193349047,0.9886322021484548
11301-2,Adaptive,6441,13599,2141,43355,0.2903836616956387,0.45007337013678267,0.32140718563212867,0.7505243533005065,0.7612283597293232,0.7598266601566165
11301-2,Canny,1262,1106,7320,55848,0.1302642444350716,0.23050228311205018,0.5329391892089131,0.14705196924787867,0.9805808196088412,0.8714294433595712
11301-2,Blackhat,3929,14802,4653,42152,0.16802086897379395,0.2877018269714506,0.20975922268320024,0.45781869028830313,0.7401060504973486,0.7031402587895155
11301-2,UNet_no_TAFE,8580,1059,2,55895,0.8899491753978845,0.9417704846059943,0.8901338313114417,0.9997669540899584,0.981406046985319,0.9838104248047123
11301-2,TAFE_channel,8263,246,319,56708,0.9359990937932035,0.966941665204102,0.9710894347165226,0.9628291773483707,0.9956807247954566,0.9913787841797006
11301-2,TAFE_spatial,8554,376,28,56578,0.9549006474664556,0.9769301050709404,0.9578947368425768,0.9967373572594181,0.9933981809881774,0.9938354492187594
11301-2,TAFE_full,8195,132,387,56822,0.9404406701865913,0.9693062865931202,0.9841479524440477,0.9549056164069575,0.9976823401341474,0.9920806884765746
11301-3,Otsu,8479,34,2897,54126,0.7431200701161865,0.8526321082012538,0.9960061083049923,0.7453410689192569,0.9993722304283615,0.9552764892578808
11301-3,Adaptive,7366,11578,4010,42582,0.320902674918006,0.48588390501488826,0.38883023648971266,0.6475035161775008,0.786225997046185,0.7621459960941129
11301-3,Canny,2414,978,8962,53182,0.19540229885708754,0.32692307692763456,0.7116745283103869,0.2122011251827338,0.9819423929099299,0.8483276367189815
11301-3,Blackhat,4707,5427,6669,48733,0.280128548477771,0.43765690376830474,0.4644760213196716,0.4137658227899633,0.8997968980799487,0.8154296875002817
11301-3,UNet_no_TAFE,10509,481,867,53679,0.886311883276661,0.939729947241618,0.956232939035885,0.9237869198318935,0.9911189069424093,0.9794311523437814
11301-3,TAFE_channel,9869,221,1507,53939,0.8509959472290162,0.9195006056092448,0.9780971258674123,0.8675281293963825,0.9959194977843502,0.9736328125000402
11301-3,TAFE_spatial,10115,250,1261,53910,0.870032685361517,0.9304999770022975,0.9758803666186601,0.8891526019700321,0.9953840472673645,0.9769439697265977
11301-3,TAFE_full,9405,127,1971,54033,0.817612796663326,0.8996556342074821,0.9866764582460483,0.826740506330637,0.9976550960118211,0.9679870605469238
11301-4,Otsu,6582,94,614,58246,0.9028806584375462,0.948961937716631,0.9859197124028473,0.9146748193452657,0.9983887555707947,0.9891967773437664
11301-4,Adaptive,6109,11626,1087,46714,0.32456699607201905,0.490072600379086,0.34446010713648456,0.8489438577008207,0.8007199177240303,0.8060150146487335
11301-4,Canny,1123,1061,6073,57279,0.13600581325982794,0.23944562900597602,0.5141941392163831,0.15605892163485188,0.9818135070277995,0.8911437988282911
11301-4,Blackhat,4185,18282,3011,40058,0.16425936102062855,0.2821697063706228,0.18627320069797357,0.5815730961703506,0.6866300994177467,0.6750946044926832
11301-4,UNet_no_TAFE,7178,961,18,57379,0.879980384946917,0.9361591131402924,0.8819265266017702,0.997498610339112,0.983527596846103,0.9850616455078353
11301-4,TAFE_channel,7056,337,140,58003,0.9366786140988095,0.9673041332513037,0.9544163397814904,0.9805447470819825,0.9942235173123171,0.9927215576171986
11301-4,TAFE_spatial,7105,371,91,57969,0.9389454209073749,0.968511450381894,0.9503745318358698,0.9873540856032885,0.9936407267740939,0.9929504394531358
11301-4,TAFE_full,6909,184,287,58156,0.9361788617894826,0.9670375813565187,0.9740589313411242,0.960116731518064,0.9968460747343215,0.9928131103515735
11301-5,Otsu,7259,256,2493,55528,0.7253197442073809,0.8407945792561488,0.9659347970729749,0.7443601312577485,0.9954108705005101,0.9580535888672516
11301-5,Adaptive,7169,11800,2583,43984,0.3326373422451158,0.4992166010950203,0.3779324160505143,0.7351312551298694,0.7884698121328904,0.7805328369143973
11301-5,Canny,1710,1295,8042,54489,0.15479315652073147,0.2680881084951941,0.5690515807131764,0.17534864643995746,0.9767854581959401,0.8575286865236549
11301-5,Blackhat,3288,3010,6464,52774,0.2576398683650083,0.40971962617190205,0.5220704985785635,0.33716160788210453,0.9460418758067797,0.8554382324220956
11301-5,UNet_no_TAFE,8535,945,1217,54839,0.7978872581116399,0.8875831946761253,0.900316455697254,0.8752050861374568,0.9830596586835239,0.9670104980469253
11301-5,TAFE_channel,7269,101,2483,55683,0.7377448492871435,0.8490830510463201,0.9862957937586663,0.7453855619386239,0.9981894450021545,0.9605712890625602
11301-5,TAFE_spatial,8344,359,1408,55425,0.8252398378021438,0.9042535898135776,0.9587498563718402,0.8556193601327357,0.9935644629284498,0.9730377197266037
11301-5,TAFE_full,7179,56,2573,55728,0.731953507343679,0.8452345911588554,0.9922598479614062,0.7361566858107448,0.9989961279219866,0.9598846435547487
11301-6,Otsu,7715,976,1788,55057,0.7362343735114396,0.8480817852047484,0.8876999194582015,0.8118488898262458,0.9825816929309825,0.9578247070313144
11301-6,Adaptive,7175,12735,2328,43298,0.3226459213988549,0.4878795090623606,0.36037167252958124,0.7550247290355148,0.7727232166762931,0.7701568603519132
11301-6,Canny,1975,2769,7528,53264,0.16093546284907972,0.277251351166721,0.416315345712135,0.20782910660625245,0.9505826923421009,0.8428802490236772
11301-6,Blackhat,2424,2757,7079,53276,0.19771615008810997,0.3301552710478742,0.4678633468545095,0.2550773440044714,0.9507968518552445,0.849914550781479
11301-6,UNet_no_TAFE,9355,1274,148,54759,0.8680523336747884,0.9293661831912906,0.8801392416983711,0.984425970746244,0.9772633983545816,0.9783020019531581
11301-6,TAFE_channel,8287,159,1216,55874,0.8576899192728453,0.9233940609508976,0.9811745204832918,0.8720404082934649,0.9971623864508465,0.9790191650390945
11301-6,TAFE_spatial,9143,571,360,55462,0.9075838792941475,0.9515533121717669,0.9412188593788221,0.9621172261395126,0.9898095764995809,0.9857940673828341
11301-6,TAFE_full,7722,83,1781,55950,0.8055497600687924,0.8923041368159678,0.9893657911596494,0.8125854993179775,0.9985187300340898,0.9715576171875434
11302-1,Otsu,5897,271,889,58479,0.8356242029214167,0.910452369925039,0.9560635538269121,0.8689949896865754,0.995387234042561,0.982299804687527
11302-1,Adaptive,5562,11654,1224,47096,0.3016268980515096,0.4634613782207172,0.3230715613422219,0.819628647217512,0.8016340425535291,0.8034973144534249
11302-1,Canny,1621,1617,5165,57133,0.1929072950232904,0.32342378292773916,0.5006176652408704,0.23887415267847226,0.9724765957447277,0.8965148925782829
11302-1,Blackhat,3027,1724,3759,57026,0.3556991774458789,0.5247464678900515,0.6371290254759602,0.4460654288322124,0.9706553191489862,0.9163360595704402
11302-1,UNet_no_TAFE,6764,463,22,58287,0.9330942198933219,0.9653892813818212,0.9359346893602334,0.9967580312408376,0.9921191489361836,0.9925994873046988
11302-1,TAFE_channel,6674,156,112,58594,0.9613944108331692,0.9803172737956792,0.9771595900442582,0.9834954317715371,0.9973446808510683,0.9959106445312562
11302-1,TAFE_spatial,6692,235,94,58515,0.9531405782658718,0.9760081674325384,0.9660747798474654,0.9861479516653971,0.9960000000000068,0.9949798583984452
11302-1,TAFE_full,6481,110,305,58640,0.9398201856157219,0.9689766016298947,0.9833105750268045,0.9550545240207036,0.9981276595744712,0.9936676025390722
11302-2,Otsu,6056,1018,666,57796,0.7824289405712864,0.8779356335178462,0.8560927339573637,0.9009223445417893,0.9826911959737772,0.9743041992187892
11302-2,Adaptive,4989,12975,1733,45839,0.25328730263871,0.40419671068863244,0.27772211089246424,0.7421898244608421,0.7793892610606669,0.7755737304690925
11302-2,Canny,1721,1884,5001,56930,0.19997676040901724,0.33330105549207606,0.47739251041671593,0.25602499257280537,0.9679668106233754,0.8949432373048478
11302-2,Blackhat,2881,1514,3841,57300,0.3498057309452427,0.5183052981962911,0.6555176336824683,0.4285926807582774,0.9742578297684662,0.9182891845704372
11302-2,UNet_no_TAFE,6654,377,68,58437,0.9373151148057851,0.9676434232533437,0.9463803157453224,0.9898839631063688,0.9935899615737859,0.9932098388671978
11302-2,TAFE_channel,6514,186,208,58628,0.9429646786342941,0.9706452093579895,0.9722388059705636,0.9690568283253637,0.9968374876730084,0.9939880371093842
11302-2,TAFE_spatial,6510,194,212,58620,0.9412955465595533,0.969760166840684,0.9710620525063982,0.9684617673316206,0.9967014656374389,0.9938049316406344
11302-2,TAFE_full,6394,101,328,58713,0.9371244320689268,0.9675418022246536,0.984449576597622,0.9512049985130734,0.9982827218009347,0.9934539794921975
11304,Otsu,1059,10276,41,54160,0.09309071730755018,0.1703256936134272,0.09342743714959482,0.9627272727306612,0.8405239307222042,0.8425750732424278
11304,Adaptive,1082,17201,18,47235,0.05912245233015069,0.11164422432486382,0.059180659634309574,0.9836363636378512,0.7330529517665078,0.7372589111332134
11304,Canny,1077,2827,23,61609,0.27425515662657873,0.4304556355029885,0.2758709016578927,0.9790909090928099,0.9561270097461727,0.9565124511719414
11304,Blackhat,1091,4140,9,60296,0.2082061068853396,0.34465329332894246,0.20856432805948072,0.9918181818189257,0.9357502017506739,0.9366912841797841
11304,UNet_no_TAFE,1029,1131,71,63305,0.4612281488363413,0.6312883435695924,0.4763888889131302,0.9354545454604132,0.9824477000434813,0.981658935546903
11304,TAFE_channel,828,26,272,64410,0.7353463588156885,0.8474923234469042,0.9695550351323706,0.7527272727497519,0.9995964988515743,0.9954528808593819
11304,TAFE_spatial,911,72,189,64364,0.7773037542852129,0.8746999519983343,0.9267548321539415,0.828181818197438,0.9988826122043596,0.9960174560546936
11304,TAFE_full,820,23,280,64413,0.730186999133554,0.8440555841562504,0.9727164887339601,0.7454545454776859,0.9996430566763926,0.9953765869140696
11305-1,Otsu,3561,31682,283,30010,0.10023644654872421,0.18220891856836746,0.10104134154555218,0.9263787721142982,0.4864488102193373,0.5122528076179318
11305-1,Adaptive,2744,17726,1100,43966,0.12721372276714318,0.22571358065630617,0.13404982902230556,0.7138397502675901,0.7126693898727344,0.7127380371098133
11305-1,Canny,2279,3779,1565,57913,0.2989636626092226,0.4603110482785264,0.3761967646190789,0.5928720083352531,0.9387440835117378,0.9184570312501245
11305-1,Blackhat,2367,2768,1477,58924,0.35798548095344845,0.5272302038141526,0.4609542356482774,0.6157648283138458,0.9551319457953136,0.9352264404297863
11305-1,UNet_no_TAFE,1862,156,1982,61536,0.46550000001336256,0.63527806210107,0.9226957383586375,0.4843912591185122,0.99747130908384,0.9673767089844247
11305-1,TAFE_channel,1076,23,2768,61669,0.27825187485704034,0.4353631398050705,0.9790718835323865,0.27991675340062655,0.999627180185438,0.9574127197266274
11305-1,TAFE_spatial,1492,100,2352,61592,0.3782961460603881,0.548933039007562,0.9371859296521868,0.3881373569357925,0.9983790442845127,0.9625854492188071
11305-1,TAFE_full,940,57,2904,61635,0.24096385544114424,0.38834951457574163,0.9428284854621034,0.24453694070643764,0.9990760552421722,0.9548187255860064
11305-2,Otsu,3441,38946,389,22760,0.08044230409790433,0.1489062466210509,0.08118055064269426,0.8984334203681871,0.36884581726352567,0.3997955322274783
11305-2,Adaptive,2667,17560,1163,44146,0.12468443198165177,0.2217234069118272,0.13185346319705415,0.6963446475275106,0.7154247561019748,0.7143096923832485
11305-2,Canny,2425,4295,1405,57411,0.29846153847017276,0.4597156398155477,0.3608630952476062,0.633159268939082,0.9303957475773338,0.9130249023438827
11305-2,Blackhat,2293,2727,1537,58979,0.34970260790987184,0.5181920904009243,0.4567729083773551,0.5986945169817574,0.9558065666224422,0.9349365234375993
11305-2,UNet_no_TAFE,1671,97,2159,61609,0.42551566082440756,0.5969989281958378,0.945135746609438,0.4362924282131517,0.9984280296891738,0.9655761718750525
11305-2,TAFE_channel,1042,13,2788,61693,0.2711423367350731,0.42661207780088817,0.9876777251196514,0.2720626632043848,0.9997893235665903,0.9572601318360027
11305-2,TAFE_spatial,1371,64,2459,61642,0.35208012328320293,0.5207977208068224,0.9554006968672195,0.3579634464919592,0.9989628237124446,0.9615020751953712
11305-2,TAFE_full,908,33,2922,61673,0.2350504789222094,0.3806329910001964,0.9649309245520796,0.2370757180355855,0.9994652059767293,0.9549102783203813
11308-1,Otsu,1071,5592,40,58833,0.15977920335432227,0.2755338307270963,0.1607384061359637,0.9639963996432046,0.9132013969733594,0.9140625000001311
11308-1,Adaptive,1075,20870,36,43555,0.04890587325850095,0.09325121443835334,0.048986101622014194,0.9675967596788841,0.6760574311219619,0.6809997558598617
11308-1,Canny,1085,5299,26,59126,0.16926677068378682,0.28952635091007967,0.16995614036387915,0.976597659768083,0.9177493209159212,0.9187469482423115
11308-1,Blackhat,1034,2276,77,62149,0.30528491292278465,0.4677674734343414,0.31238670696941434,0.930693069313169,0.964672099340373,0.9640960693359922
11308-1,UNet_no_TAFE,1051,3865,60,60560,0.21121382638241132,0.34876389581302863,0.21379170058556163,0.945994599464807,0.9400077609624524,0.9401092529297789
11308-1,TAFE_channel,764,507,347,63918,0.47218788631197844,0.6414777498051437,0.6011014949173011,0.6876687669048002,0.992130384167649,0.9869689941406449
11308-1,TAFE_spatial,929,2915,182,61510,0.2307501242118542,0.37497477296922355,0.24167533820911355,0.8361836183765811,0.9547535894451614,0.9527435302735096
11308-1,TAFE_full,786,663,325,63762,0.44306651637863204,0.6140625000150758,0.542443064213772,0.7074707471010376,0.989708963911541,0.984924316406273
11308-2,Otsu,1041,7340,28,57127,0.12379593293942447,0.2203174603257109,0.12420952154725916,0.9738072965412715,0.8861432981216961,0.8875732421876715
11308-2,Adaptive,1051,20385,18,44082,0.04898853361121941,0.09340146634484157,0.0490296697189353,0.9831618334908174,0.6837917073856643,0.6886749267582876
11308-2,Canny,1046,4740,23,59727,0.18006541574832047,0.3051787016877435,0.18078119600448012,0.9784845650160445,0.9264740099586976,0.9273223876954234
11308-2,Blackhat,997,2780,72,61687,0.25902831906315854,0.4114733801194496,0.26396611068933107,0.9326473339632696,0.9568771619588985,0.9564819335938164
11308-2,UNet_no_TAFE,1021,4221,48,60246,0.19300567109275982,0.32356203455358007,0.1947729874247468,0.9550982226421797,0.9345246405138528,0.9348602294922869
11308-2,TAFE_channel,691,519,378,63948,0.43513853907839173,0.6064063185780428,0.5710743802007376,0.6463985033071656,0.9919493694448447,0.9863128662109584
11308-2,TAFE_spatial,910,3260,159,61207,0.21021021022845437,0.34739454095538475,0.21822541968301618,0.8512628625022204,0.9494314920812983,0.9478302001953921
11308-2,TAFE_full,747,745,322,63722,0.41179713343926144,0.5833658727222427,0.5006702413203303,0.6987839102246226,0.9884436998774746,0.9837188720703374
11309-1,Otsu,1494,11587,23,52432,0.11401098901775022,0.20468557337166263,0.11421145173064588,0.9848384970346185,0.8190068573395102,0.8228454589846453
11309-1,Adaptive,1509,18780,8,45239,0.07434596246206658,0.13840227460727136,0.07437527724838891,0.9947264337511716,0.7066495884039009,0.7133178710941874
11309-1,Canny,1482,6565,35,57454,0.18337045286830772,0.30991217064711507,0.18416801293420942,0.9769281476613758,0.8974523188430037,0.8992919921876537
11309-1,Blackhat,1493,5879,24,58140,0.2018658734558969,0.33592080099745836,0.20252306023870698,0.9841793012535148,0.9081678876584949,0.9099273681642
11309-1,UNet_no_TAFE,1361,1772,156,62247,0.4138035877344542,0.5853763440949381,0.43440791575376936,0.8971654581478468,0.9723207172870987,0.9705810546875449
11309-1,TAFE_channel,978,235,539,63784,0.5582191781074075,0.7164835164939017,0.8062654575592526,0.6446934739851883,0.9963292147643725,0.988189697265643
11309-1,TAFE_spatial,1211,519,306,63500,0.5947937131829669,0.745919310140255,0.7000000000173411,0.7982860909823147,0.99189303175621,0.9874114990234567
11309-1,TAFE_full,1011,270,506,63749,0.5657526581104783,0.7226590421828929,0.7892271662928003,0.6664469347616053,0.9957825020697046,0.9881591796875181
IMG109-1,Otsu,466,45481,0,19589,0.010142120271159941,0.020080580873849823,0.010142120271159941,1.0,0.3010450284319947,0.30601501464949643
IMG109-1,Adaptive,462,16627,4,48443,0.02702860820788025,0.05263457704897388,0.027034934759043627,0.9914163090147176,0.7444751805751584,0.7462310791019497
IMG109-1,Canny,461,1027,5,64043,0.3087742800195061,0.47185261005773527,0.30981182800337287,0.9892703862683969,0.9842169970800919,0.984252929687524
IMG109-1,Blackhat,466,24077,0,40993,0.01898708389757166,0.03726658403359884,0.01898708389757166,1.0,0.629983095128892,0.632614135742748
IMG109-1,UNet_no_TAFE,335,101,131,64969,0.5908289242344218,0.7427937916027945,0.7683486239063421,0.7188841202319991,0.9984478254187822,0.9964599609375054
IMG109-1,TAFE_channel,301,38,165,65032,0.5972222223021385,0.7478260869878477,0.8879056047528302,0.6459227468570982,0.9994160135238982,0.9969024658203173
IMG109-1,TAFE_spatial,324,46,142,65024,0.6328125000717164,0.7751196172517799,0.8756756757092768,0.6952789700224723,0.9992930690026136,0.9971313476562543
IMG109-1,TAFE_full,293,22,173,65048,0.600409836147457,0.7503201024647478,0.930158730180902,0.6287553648865332,0.9996619025664674,0.997024536132817
IMG24-1,Otsu,489,40180,4,24863,0.012022717775890585,0.023759778438793643,0.01202390027044672,0.9918864097379541,0.38225481604572015,0.38684082031343564
IMG24-1,Adaptive,441,18244,52,46799,0.023536318519381243,0.04599019710581922,0.023601819646649175,0.894523326593403,0.7195086327510731,0.720825195312926
IMG24-1,Canny,26,601,467,64442,0.023765996432928153,0.046428571513711735,0.04146730477807539,0.052738336906138265,0.9907599587965027,0.9837036132812749
IMG24-1,Blackhat,471,25426,22,39617,0.018171997380230055,0.03569533914726906,0.018187434841803348,0.9553752535587474,0.6090893716470502,0.6116943359380925
IMG24-1,UNet_no_TAFE,0,0,493,65043,2.028397565511481e-10,2.028397565511481e-10,1.0,2.028397565511481e-10,1.0,0.9924774169921989
IMG24-1,TAFE_channel,0,0,493,65043,2.028397565511481e-10,2.028397565511481e-10,1.0,2.028397565511481e-10,1.0,0.9924774169921989
IMG24-1,TAFE_spatial,0,0,493,65043,2.028397565511481e-10,2.028397565511481e-10,1.0,2.028397565511481e-10,1.0,0.9924774169921989
IMG24-1,TAFE_full,0,0,493,65043,2.028397565511481e-10,2.028397565511481e-10,1.0,2.028397565511481e-10,1.0,0.9924774169921989
IMG24-2,Otsu,568,39213,13,25742,0.014273508571608097,0.02814528517162642,0.014278172999637318,0.9776247848575517,0.396305134324692,0.4014587402352883
IMG24-2,Adaptive,533,17777,48,47178,0.029033663803088385,0.05642898735346764,0.02910977608394806,0.9173838210124985,0.7263182203067873,0.7280120849613525
IMG24-2,Canny,209,891,372,64064,0.14198369571046304,0.24866151105004988,0.19000000007363635,0.35972461284686325,0.9862828111769898,0.9807281494140919
IMG24-2,Blackhat,565,19567,16,45388,0.028042485611335898,0.054555110321756604,0.028064772506317975,0.9724612736708328,0.6987606804715591,0.7011871337895185
IMG24-2,UNet_no_TAFE,0,0,581,64955,1.7211703955729484e-10,1.7211703955729484e-10,1.0,1.7211703955729484e-10,1.0,0.991134643554701
IMG24-2,TAFE_channel,0,0,581,64955,1.7211703955729484e-10,1.7211703955729484e-10,1.0,1.7211703955729484e-10,1.0,0.991134643554701
IMG24-2,TAFE_spatial,0,0,581,64955,1.7211703955729484e-10,1.7211703955729484e-10,1.0,1.7211703955729484e-10,1.0,0.991134643554701
IMG24-2,TAFE_full,0,0,581,64955,1.7211703955729484e-10,1.7211703955729484e-10,1.0,1.7211703955729484e-10,1.0,0.991134643554701
IMG24-3,Otsu,579,35664,6,29287,0.015972854426284936,0.03144346692996784,0.0159754987197087,0.9897435897453429,0.45090914689619727,0.4557189941414555
IMG24-3,Adaptive,578,15545,7,49406,0.03583384997497933,0.06918841274198474,0.03584940768445172,0.9880341880362334,0.7606657326295813,0.7626953125003622
IMG24-3,Canny,89,504,496,64447,0.08172635453794982,0.15110356543708797,0.15008431717536522,0.15213675228168602,0.992240304229354,0.9847412109375233
IMG24-3,Blackhat,582,20929,3,44022,0.0270521520915355,0.05267921796228874,0.027055924880168024,0.9948717948726715,0.6777724746352207,0.6806030273442374
IMG24-3,UNet_no_TAFE,0,0,585,64951,1.709401709109504e-10,1.709401709109504e-10,1.0,1.709401709109504e-10,1.0,0.9910736083984512
IMG24-3,TAFE_channel,0,0,585,64951,1.709401709109504e-10,1.709401709109504e-10,1.0,1.709401709109504e-10,1.0,0.9910736083984512
IMG24-3,TAFE_spatial,0,0,585,64951,1.709401709109504e-10,1.709401709109504e-10,1.0,1.709401709109504e-10,1.0,0.9910736083984512
IMG24-3,TAFE_full,0,0,585,64951,1.709401709109504e-10,1.709401709109504e-10,1.0,1.709401709109504e-10,1.0,0.9910736083984512
IMG6-1,Otsu,2415,34013,137,28971,0.06604676603564598,0.12390969728290428,0.0662951575736623,0.9463166144221663,0.4599739616419091,0.47891235351642014
IMG6-1,Adaptive,2495,18868,57,44116,0.11647992530757945,0.20865565544968154,0.11679071291898707,0.977664576803383,0.7004318557098621,0.7112274169926281
IMG6-1,Canny,926,5070,1626,57914,0.12149042247282221,0.21665886758052574,0.15443629087467584,0.3628526646017691,0.9195033659343333,0.8978271484376559
IMG6-1,Blackhat,2350,410,202,62574,0.793382849433039,0.8847891566286749,0.8514492753677011,0.9208463949874276,0.9934904102629343,0.9906616210937642
IMG6-1,UNet_no_TAFE,2249,276,303,62708,0.7952616690312849,0.8859562733920434,0.8906930693112597,0.8812695924811415,0.9956179347135851,0.9911651611328259
IMG6-1,TAFE_channel,2283,281,269,62703,0.8058595128907216,0.8924941360458856,0.8904056162289233,0.8945924764931587,0.9955385494728891,0.9916076660156378
IMG6-1,TAFE_spatial,2178,149,374,62835,0.8063680118546328,0.8928059028511415,0.9359690588768385,0.8534482758678116,0.9976343198272615,0.9920196533203247
IMG6-1,TAFE_full,2219,154,333,62830,0.8200295639386538,0.9011167512710433,0.9351032448404929,0.8695141065881852,0.9975549345865655,0.9925689697265738
IMG6-2,Otsu,1380,40102,12,24042,0.033257820410099635,0.06437467929499376,0.03326744130217138,0.9913793103454469,0.37481292092888685,0.387908935547809
IMG6-2,Adaptive,1349,19748,43,44396,0.06381267739326484,0.11996976299915527,0.0639427406784664,0.969109195404518,0.6921302070346531,0.6980133056645234
IMG6-2,Canny,579,3724,813,60420,0.11317435498215062,0.203336259891074,0.13455728563479996,0.41594827590402667,0.9419431279621758,0.9307708740235431
IMG6-2,Blackhat,1190,860,202,63284,0.5284191829694308,0.6914584543959483,0.5804878048985128,0.8548850574816893,0.986592666500395,0.9837951660156498
IMG6-2,UNet_no_TAFE,1228,567,164,63577,0.6268504339138923,0.7706306871738113,0.6841225626916924,0.8821839080544408,0.9911605138438652,0.9888458251953295
IMG6-2,TAFE_channel,1231,582,161,63562,0.6236068895834039,0.7681747269963128,0.6789851075742425,0.8843390804680791,0.9909266650037557,0.9886627197265798
IMG6-2,TAFE_spatial,1216,411,176,63733,0.6744315030685285,0.8055647565483417,0.7473878303781569,0.8735632183998877,0.9935925417810028,0.9910430908203262
IMG6-2,TAFE_full,1229,465,163,63679,0.6618201400289812,0.7965003240506643,0.7255017709725206,0.8829022988589869,0.992750685956609,0.9904174804687647
IMG_5776-1,Otsu,2675,34745,50,28066,0.07139044569236351,0.13326690746261485,0.07148583645357699,0.9816513761474623,0.44683256117647097,0.46907043457112263
IMG_5776-1,Adaptive,2328,28287,397,34524,0.07506771572592845,0.1396520695886633,0.07604115629895135,0.854311926610851,0.5496489468412386,0.5623168945319179
IMG_5776-1,Canny,1736,47345,989,15466,0.034671459957989474,0.06701926417969536,0.03537010248561486,0.6370642201968051,0.2462307557605416,0.2624816894542504
IMG_5776-1,Blackhat,1775,26902,950,35909,0.05991156715475778,0.11305012419873559,0.0618962931999097,0.6513761468017845,0.5716992246587832,0.5750122070318985
IMG_5776-1,UNet_no_TAFE,2276,432,449,62379,0.7209375989952189,0.8378428124454658,0.8404726735657138,0.8352293578042117,0.993122223814311,0.986557006835958
IMG_5776-1,TAFE_channel,978,95,1747,62716,0.3468085106614607,0.5150078989069246,0.9114631873335075,0.358899082592334,0.9984875260702767,0.9718933105469179
IMG_5776-1,TAFE_spatial,2061,175,664,62636,0.71068965518239,0.8308808707955879,0.9217352415061836,0.7563302752382998,0.9972138638136676,0.987197875976582
IMG_5776-1,TAFE_full,994,84,1731,62727,0.35386258457266423,0.5227452011695308,0.9220779220851504,0.36477064222514605,0.9986626546305605,0.9723052978516048
IMG_5776-2,Otsu,1317,33817,0,30402,0.037485057212280175,0.07226139200825145,0.037485057212280175,1.0,0.47341129572326973,0.48399353027422487
IMG_5776-2,Adaptive,1300,28488,17,35731,0.04361684281481759,0.08358784761587015,0.04364173493002672,0.9870918754755436,0.5563929678139548,0.5650482177741012
IMG_5776-2,Canny,614,46983,703,17236,0.012712215322955047,0.025105286831939518,0.012899972689428114,0.46621108584159365,0.26839408897792183,0.2723693847667353
IMG_5776-2,Blackhat,1315,23847,2,40372,0.052257192818899,0.09932399260130924,0.05226134647860957,0.9984813971147698,0.6286612996159568,0.6360931396489928
IMG_5776-2,UNet_no_TAFE,1281,854,36,63365,0.5900506679138623,0.7421784472844096,0.6000000000187354,0.9726651480658569,0.9867017549323616,0.9864196777343958
IMG_5776-2,TAFE_channel,570,133,747,64086,0.393103448317717,0.5643564356651309,0.8108108108377224,0.4328018223665298,0.9979289618337285,0.9865722656250205
IMG_5776-2,TAFE_spatial,1162,435,155,63784,0.6632420091516414,0.7975291695333724,0.7276142767859979,0.8823082763946615,0.9932263037418938,0.9909973144531388
IMG_5776-2,TAFE_full,696,188,621,64031,0.46245847179651434,0.6324398001075675,0.7873303167661391,0.5284738041360307,0.9970725174792553,0.9876556396484564
IMG_5778-1,Otsu,1372,40149,16,23999,0.033030791826484746,0.06394928803033408,0.03304352014876077,0.9884726224792166,0.3741192242947962,0.3871307373056227
IMG_5778-1,Adaptive,1353,27736,35,36412,0.04645653069960701,0.08878826656465928,0.046512427381324516,0.9747838616732865,0.5676248674945943,0.5762481689459591
IMG_5778-1,Canny,979,42325,409,21823,0.022396083547177276,0.043810972883192044,0.022607611308371956,0.7053314121249761,0.340197667894026,0.34793090820412
IMG_5778-1,Blackhat,1354,27883,34,36265,0.046257387861548094,0.08842448979889493,0.046311181040988095,0.9755043227683354,0.5653332917634761,0.5740203857428375
IMG_5778-1,UNet_no_TAFE,1040,516,348,63632,0.5462184874187911,0.7065217391404035,0.6683804627462481,0.7492795389229626,0.9919561015152585,0.9868164062500201
IMG_5778-1,TAFE_channel,873,147,515,64001,0.5687296417219068,0.7250830564898222,0.8558823529553057,0.6289625360497865,0.9977084242688818,0.9898986816406404
IMG_5778-1,TAFE_spatial,981,187,407,63961,0.6228571428810884,0.767605633811909,0.83989726028768,0.706772334315074,0.9970848662468088,0.9909362792968889
IMG_5778-1,TAFE_full,839,115,549,64033,0.5582168995636582,0.7164816396363587,0.8794549266373737,0.6044668588181219,0.9982072706865401,0.9898681640625154
IMG_6469-1,Otsu,2232,24425,41,38838,0.0836017679261233,0.1543034911885437,0.08373035225612885,0.9819621645410488,0.6139133458741857,0.6266784667974447
IMG_6469-1,Adaptive,2142,22879,131,40384,0.08516221374409524,0.15695757309607622,0.08560808920872223,0.9423669159726191,0.6383510108599998,0.6488952636724108
IMG_6469-1,Canny,1278,15543,995,47720,0.07173327346726688,0.13386404106455502,0.07597645800442318,0.5622525297156951,0.7543113668340826,0.74765014648476
IMG_6469-1,Blackhat,2217,12555,56,50708,0.14951443216111737,0.26013493693599216,0.15008123477423446,0.9753629564463104,0.801542765914039,0.8075714111331062
IMG_6469-1,UNet_no_TAFE,1260,156,1013,63107,0.518731988492436,0.683111954467793,0.8898305084823566,0.5543334800020091,0.9975341036624923,0.9821624755859647
IMG_6469-1,TAFE_channel,1177,65,1096,63198,0.5034217279938656,0.6697012802369928,0.9476650563649223,0.5178178618777908,0.9989725431927051,0.9822845458984645
IMG_6469-1,TAFE_spatial,1184,69,1089,63194,0.5055508112935291,0.6715825297881003,0.9449321628136527,0.5208974923220019,0.998909315081487,0.982330322265652
IMG_6469-1,TAFE_full,1140,42,1133,63221,0.49244060477354473,0.6599131693296697,0.9644670050791483,0.5015398152441031,0.9993361048322095,0.9820709228515898
IMG_6469-2,Otsu,2624,24263,47,38602,0.09742333110901676,0.1775492252548293,0.09759363261391157,0.9824035941601497,0.6140459715269004,0.629058837891191
IMG_6469-2,Adaptive,2448,23115,223,39750,0.09493523617817833,0.17340794786720476,0.09576340805423555,0.9165106701641141,0.632307325221296,0.6438903808599183
IMG_6469-2,Canny,1575,15995,1096,46870,0.08437801350538746,0.15562472210288214,0.08964143426812952,0.5896667914792338,0.7455658951725991,0.7392120361332104
IMG_6469-2,Blackhat,2554,10731,117,52134,0.19056857186098664,0.3201303584900969,0.1922468950004347,0.956196181207181,0.8293008828444615,0.8344726562502526
IMG_6469-2,UNet_no_TAFE,1111,38,1560,62827,0.4101144333920224,0.5816753926811079,0.9669277632752892,0.41594908276241305,0.9993955301041925,0.9756164550781622
IMG_6469-2,TAFE_channel,1317,49,1354,62816,0.48419117648955184,0.6524647015196318,0.9641288433408398,0.49307375516686364,0.9992205519764588,0.9785919189453451
IMG_6469-2,TAFE_spatial,1046,17,1625,62848,0.38913690478463037,0.5602570969587505,0.9840075258716832,0.3916136278775136,0.9997295792571388,0.9749450683594132
IMG_6469-2,TAFE_full,1179,22,1492,62843,0.4378017081530709,0.6089876033158835,0.9816819317250889,0.441407712488154,0.9996500437445325,0.9768981933594103
IMG_6469-3,Otsu,2316,19599,43,43578,0.10547408689723346,0.19082145505812464,0.10568104038737995,0.9817719372623243,0.6897763426568375,0.7002868652348323
IMG_6469-3,Adaptive,2177,22883,182,40294,0.0862451469808801,0.15879499617360662,0.08687150838353203,0.9228486646916978,0.6377954002253386,0.6480560302739745
IMG_6469-3,Canny,1336,14543,1023,48634,0.07904390013561091,0.14650729247095892,0.0841362806279732,0.5663416702176202,0.7698054671798759,0.7624816894534874
IMG_6469-3,Blackhat,2295,13839,64,49338,0.14168415854339,0.24820202239091438,0.14224618817935883,0.9728698601113662,0.7809487629995395,0.7878570556643862
IMG_6469-3,UNet_no_TAFE,525,4,1834,63173,0.22217520104857488,0.363573407224253,0.9924385633284615,0.22255192881633948,0.9999366858192065,0.9719543457031677
IMG_6469-3,TAFE_channel,982,12,1377,63165,0.41417123579020787,0.5857441097648153,0.9879275653935686,0.41627808395861476,0.9998100574576194,0.9788055419922198
IMG_6469-3,TAFE_spatial,570,2,1789,63175,0.2414231258262845,0.3889457523238163,0.9965034965041077,0.24162780842553508,0.9999683429096032,0.9726715087891042
IMG_6469-3,TAFE_full,907,9,1452,63168,0.3830236486747034,0.553893129784614,0.9901746724901556,0.3844849512766221,0.9998575430932145,0.9777069091797215
IMG_6469-4,Otsu,2716,13429,115,49276,0.16703567036182634,0.28625632378116433,0.16822545680292209,0.9593783115521237,0.7858384498847207,0.7933349609378153
IMG_6469-4,Adaptive,2573,22706,258,39999,0.10075576614676447,0.18306652437145832,0.10178408956405796,0.9088661250473732,0.637891715174806,0.6495971679692847
IMG_6469-4,Canny,1506,18395,1325,44310,0.07095072081847287,0.13250043991231522,0.0756745892212669,0.531967502665773,0.706642213540058,0.6990966796879592
IMG_6469-4,Blackhat,2563,10027,268,52678,0.19933115570695806,0.33240386486393614,0.20357426529623845,0.9053338043127752,0.8400924966113705,0.8429107666018022
IMG_6469-4,UNet_no_TAFE,1107,108,1724,62597,0.3766587274795285,0.5472071181525653,0.911111111118427,0.39102790535531523,0.9982776493102651,0.9720458984375426
IMG_6469-4,TAFE_channel,936,59,1895,62646,0.32387543254934686,0.4892838473735159,0.9407035175938991,0.3306252207936904,0.9990590861972745,0.9701843261719205
IMG_6469-4,TAFE_spatial,1068,59,1763,62646,0.36955017303219556,0.5396664982430605,0.9476486246719034,0.37725185449038323,0.9990590861972745,0.9721984863281674
IMG_6469-4,TAFE_full,983,41,1848,62664,0.3422701950089739,0.5099870298440989,0.95996093750391,0.3472271282463007,0.9993461446455636,0.9711761474609815
IMG_6469-5,Otsu,2736,18957,24,43819,0.1259842519725285,0.22377622377939813,0.1261236343561235,0.991304347826402,0.6980215368935612,0.7103729248051295
IMG_6469-5,Adaptive,2675,23703,85,39073,0.10108453312511398,0.1836090328808305,0.10141026613427322,0.9692028985518405,0.6224193959480974,0.6370239257818039
IMG_6469-5,Canny,1548,27536,1212,35240,0.051095854241315374,0.09722396684117188,0.05322514097423592,0.5608695652333019,0.561361029693575,0.5613403320319194
IMG_6469-5,Blackhat,2645,14178,115,48598,0.1561577518056668,0.27013225757406867,0.1572252273723044,0.9583333333348429,0.7741493564423121,0.7819061279300202
IMG_6469-5,UNet_no_TAFE,2380,369,380,62407,0.760626398217941,0.8640406607394439,0.8657693706851303,0.8623188405846985,0.9941219574359722,0.9885711669922049
IMG_6469-5,TAFE_channel,1397,7,1363,62769,0.5048789302672614,0.6709894332451731,0.9950142450146001,0.5061594203077479,0.9998884924174846,0.9790954589844069
IMG_6469-5,TAFE_spatial,2259,125,501,62651,0.7830155979277984,0.8783048211532212,0.9475671140961591,0.8184782608761421,0.9980087931693673,0.9904479980468895
IMG_6469-5,TAFE_full,1464,7,1296,62769,0.529092880392877,0.6920349799174654,0.995241332427244,0.530434782625709,0.9998884924174846,0.9801177978515928
IMG_6469-6,Otsu,2197,22680,7,40652,0.08828966404481477,0.16225397880742123,0.08831450737995612,0.9968239564429753,0.6418871976257786,0.6538238525395907
IMG_6469-6,Adaptive,2143,22212,61,41120,0.08777031455157368,0.16137655785548635,0.08799014576436874,0.9723230490030706,0.6492768268811197,0.6601409912114561
IMG_6469-6,Canny,1292,16868,912,46464,0.06774328859549211,0.12689059124372964,0.07114537445445404,0.5862068965704988,0.7336575506856982,0.728698730469164
IMG_6469-6,Blackhat,2185,10155,19,53177,0.1767942390227624,0.3004675467594852,0.17706645057392975,0.9913793103452188,0.8396545190427593,0.8447570800783619
IMG_6469-6,UNet_no_TAFE,2113,594,91,62738,0.7551822730609299,0.8605172062744754,0.7805688954643306,0.9587114337586792,0.9906208551759133,0.9895477294922035
IMG_6469-6,TAFE_channel,1801,83,403,63249,0.7874945343337345,0.8811154598854913,0.9559447983038246,0.8171506352170078,0.998689446093604,0.9925842285156363
IMG_6469-6,TAFE_spatial,1993,199,211,63133,0.8293799417465927,0.9067333939966621,0.909215328471295,0.9042649727811133,0.9968578285858699,0.9937438964843845
IMG_6469-6,TAFE_full,1663,27,541,63305,0.7454056477030299,0.8541345660027186,0.9840236686399986,0.754537205092807,0.9995736752352687,0.9913330078125132
IMG_6469-7,Otsu,1829,22491,13,41203,0.07516541322863944,0.13982111459697338,0.07520559210906577,0.9929424538548891,0.6468898169377856,0.6566162109380239
IMG_6469-7,Adaptive,1806,24081,36,39613,0.06966786251950134,0.13026073785881112,0.06976474678769358,0.980456026059693,0.6219267120927844,0.632003784180249
IMG_6469-7,Canny,1030,23687,812,40007,0.04034627286991129,0.07756316126707495,0.04167172391859177,0.5591748100130741,0.6281125380732437,0.6261749267583829
IMG_6469-7,Blackhat,1759,16261,83,47433,0.09716621554937212,0.17712214278936098,0.09761376249113422,0.9549402823042921,0.7447012277455574,0.7506103515628806
IMG_6469-7,UNet_no_TAFE,999,143,843,63551,0.5032745592189786,0.6695710455874809,0.8747810858253255,0.5423452768978096,0.9977548905705439,0.984954833984398
IMG_6469-7,TAFE_channel,620,10,1222,63684,0.33477321817846795,0.5016181229975074,0.9841269841295036,0.336590662359577,0.9998429993405975,0.9812011718750286
IMG_6469-7,TAFE_spatial,954,34,888,63660,0.5085287846743854,0.6742049470079787,0.965587044537896,0.5179153094724258,0.9994661977580315,0.9859313964843964
IMG_6469-7,TAFE_full,674,8,1168,63686,0.3643243243586851,0.5340729001769385,0.9882697947231276,0.3659066232700376,0.999874399472478,0.9820556640625274
IMG_6472-1,Otsu,2265,34852,0,28419,0.06102325080404929,0.11502716977523988,0.06102325080404929,1.0,0.44916312370683387,0.46820068359456146
IMG_6472-1,Adaptive,2210,25632,55,37639,0.0792199878156102,0.14680971202993717,0.07937648157790612,0.9757174392946704,0.5948854925643741,0.6080474853521606
IMG_6472-1,Canny,757,23367,1508,39904,0.02953339575909202,0.05737239001456148,0.03137953905226588,0.3342163355702333,0.630683883612349,0.6204376220708917
IMG_6472-1,Blackhat,1762,15422,503,47849,0.09962119071012822,0.18119183505999695,0.10253724395308114,0.7779249448221668,0.7562548402905656,0.7570037841800583
IMG_6472-1,UNet_no_TAFE,2172,1203,93,62068,0.626297577865447,0.770212765961521,0.6435555555661169,0.9589403973528061,0.9809865499202146,0.9802246093750302
IMG_6472-1,TAFE_channel,976,54,1289,63217,0.4208710651392466,0.5924127465981058,0.9475728155390705,0.4309050772878188,0.9991465284253463,0.9795074462890938
IMG_6472-1,TAFE_spatial,2109,635,156,62636,0.7272413793197503,0.8420842483561173,0.7685860058393372,0.9311258278176103,0.9899638064832388,0.9879302978515809
IMG_6472-1,TAFE_full,1053,61,1212,63210,0.4527085124912852,0.6232613199282846,0.9452423698433355,0.4649006622752804,0.9990358932212245,0.9805755615234671
IMG_6472-2,Otsu,1036,37862,0,26638,0.02663376009299544,0.05188561126095085,0.02663376009299544,1.0,0.4129922480629256,0.4222717285165066
IMG_6472-2,Adaptive,1018,26256,18,38244,0.03730030778602777,0.07191805016223271,0.03732492484037059,0.9826254826271595,0.5929302325587706,0.5990905761724867
IMG_6472-2,Canny,942,27380,94,37120,0.03315033784124032,0.06417330881168958,0.03326036297213028,0.9092664092751672,0.5755038759696504,0.5807800292975147
IMG_6472-2,Blackhat,958,19952,78,44548,0.04564513055533807,0.08730520368592315,0.04581539933502718,0.9247104247176919,0.6906666666671463,0.6943664550785914
IMG_6472-2,UNet_no_TAFE,1019,3951,17,60549,0.2043312612952811,0.3393273393383396,0.20503018110251447,0.9835907335923174,0.9387441860466066,0.9394531250000924
IMG_6472-2,TAFE_channel,504,54,532,64446,0.4623853211502399,0.6323713927457734,0.903225806468956,0.4864864865360534,0.9991627906976757,0.9910583496093887
IMG_6472-2,TAFE_spatial,1027,3271,9,61229,0.2384490364699687,0.3850768654033544,0.2389483480865764,0.9913127413135798,0.9492868217055049,0.9499511718750764
IMG_6472-2,TAFE_full,608,59,428,64441,0.5552511415931277,0.7140340575622999,0.9115442278993187,0.5868725869124639,0.9990852713178309,0.9925689697265738
IMG_6472-3,Otsu,913,27303,0,37320,0.032357527647319397,0.06268666964515539,0.032357527647319397,1.0,0.5775033656754136,0.5833892822271982
IMG_6472-3,Adaptive,900,26860,13,37763,0.03240557376217043,0.06277682837839509,0.03242074928302442,0.9857612267266417,0.5843585101286162,0.5899505615240632
IMG_6472-3,Canny,698,25406,215,39217,0.026520764470433826,0.05167117000758163,0.026739197061650552,0.7645125958636897,0.6068582393271639,0.609054565430284
IMG_6472-3,Blackhat,812,17225,101,47398,0.04476789062165196,0.08569920844809657,0.045018572938709214,0.889375684568524,0.7334540333940959,0.7356262207035285
IMG_6472-3,UNet_no_TAFE,892,3902,21,60721,0.18525441330871745,0.31259856318008417,0.1860659157449715,0.9769989047122674,0.9396190210916553,0.9401397705079039
IMG_6472-3,TAFE_channel,595,150,318,64473,0.5597365945851611,0.7177322074959148,0.7986577181478312,0.6516976999286201,0.9976788449932722,0.9928588867187609
IMG_6472-3,TAFE_spatial,871,3447,42,61176,0.19977064222018875,0.3330147199515769,0.20171375638717662,0.9539978094245347,0.9466598579453961,0.9467620849610188
IMG_6472-3,TAFE_full,600,138,313,64485,0.5708848715917331,0.7268322229117606,0.8130081301066384,0.6571741511876041,0.9978645373938104,0.993118286132823
IMG_6472-4,Otsu,1308,31973,5,32250,0.03929580003893741,0.07562004972227664,0.039301703677656015,0.9961919268852862,0.5021565482778722,0.5120544433601195
IMG_6472-4,Adaptive,1298,27503,15,36720,0.0450444197701102,0.08620575148075245,0.045067879590829946,0.9885757806558587,0.5717577814808219,0.5801086425787657
IMG_6472-4,Canny,878,30892,435,33331,0.027262847386967045,0.05307862044236291,0.027636134721348328,0.6686976390199011,0.5189885243611806,0.5219879150397919
IMG_6472-4,Blackhat,1302,16030,11,48193,0.07507351669794687,0.139662107808315,0.07512116317173366,0.9916222391476297,0.7504009467017262,0.755233764648811
IMG_6472-4,UNet_no_TAFE,1281,1069,32,63154,0.5377833753342661,0.6994266994349051,0.5451063829980807,0.9756283320658318,0.9833548728648874,0.9832000732422131
IMG_6472-4,TAFE_channel,1056,107,257,64116,0.7436619718490379,0.8529886914437403,0.9079965606269994,0.8042650419037117,0.9983339302119204,0.9944458007812584
IMG_6472-4,TAFE_spatial,1215,383,98,63840,0.7163915094506845,0.834764685680702,0.7603254067734465,0.9253617669516099,0.9940364044034161,0.9926605224609487
IMG_6472-4,TAFE_full,1030,87,283,64136,0.7357142857331633,0.8477366255206693,0.9221128021555852,0.7844630617072,0.9986453451255801,0.9943542480468837
IMG_6472-5,Otsu,1402,25786,0,38348,0.05156686773925421,0.09807625044037048,0.05156686773925421,1.0,0.5979355723959242,0.6065368652349754
IMG_6472-5,Adaptive,1396,26583,6,37551,0.049883866360372044,0.09502739866207743,0.049894563783373626,0.9957203994296918,0.5855084666486021,0.5942840576178066
IMG_6472-5,Canny,774,31293,628,32841,0.023673344551082203,0.04625175535855194,0.024136963236273623,0.5520684736410792,0.5120684816173761,0.5129241943366807
IMG_6472-5,Blackhat,1392,19545,10,44589,0.06645343008991048,0.12462509512903609,0.06648516979955828,0.9928673323828198,0.6952474506506763,0.7016143798832678
IMG_6472-5,UNet_no_TAFE,1309,931,93,63203,0.5610801543265719,0.7188358045107404,0.5843750000185548,0.9336661911602235,0.9854835188823627,0.9843750000000239
IMG_6472-5,TAFE_channel,877,91,525,64043,0.5874079035775346,0.740084388196621,0.9059917355469017,0.625534950098036,0.9985810958306068,0.9906005859375143
IMG_6472-5,TAFE_spatial,1232,408,170,63726,0.6806629834430573,0.8099934253842869,0.7512195122102915,0.8787446505079355,0.9936383197679957,0.9911804199218884
IMG_6472-5,TAFE_full,926,82,476,64052,0.6239892183541785,0.7684647303000638,0.918650793658864,0.6604850214222193,0.9987214270121952,0.991485595703138
IMG_6472-6,Otsu,891,35446,1,29198,0.02451978645213132,0.04786591098593068,0.024520461240541264,0.9988789237669419,0.45167378256380847,0.45912170410238784
IMG_6472-6,Adaptive,885,26838,7,37806,0.031914893620512384,0.06185567010637129,0.03192295206495717,0.9921524663685928,0.5848338592915278,0.5903778076178126
IMG_6472-6,Canny,627,31960,265,32684,0.019085596009317283,0.03745631590239417,0.019240801549638687,0.7029147982395836,0.5055999009969903,0.5082855224616878
IMG_6472-6,Blackhat,883,18419,9,46225,0.04572523432734853,0.08745171833669678,0.04574655476610845,0.9899103139024764,0.7150702308029901,0.7188110351566791
IMG_6472-6,UNet_no_TAFE,886,2870,6,61774,0.2355130250070305,0.38123924269833825,0.23588924389680807,0.9932735426016509,0.9556029948642478,0.956115722656317
IMG_6472-6,TAFE_channel,473,56,419,64588,0.49894514773217885,0.6657283603331647,0.8941398865984613,0.5302690583486246,0.9991337169729609,0.9927520751953236
IMG_6472-6,TAFE_spatial,853,2039,39,62605,0.2910269532824624,0.4508456659764576,0.2949515906191234,0.9562780269107312,0.9684580162119169,0.9682922363281734
IMG_6472-6,TAFE_full,582,110,310,64534,0.5808383233951259,0.7348484848652242,0.8410404624507167,0.6524663677519656,0.998298372625459,0.9935913085937598
IMG_6472-7,Otsu,1178,26242,10,38106,0.042945679915993636,0.08235458613296157,0.04296134208955886,0.9915824915832001,0.5921862373351274,0.5994262695318612
IMG_6472-7,Adaptive,1170,25571,18,38777,0.043723607014299025,0.0837838805575431,0.043753038409020784,0.9848484848497602,0.6026139118549099,0.6095428466802832
IMG_6472-7,Canny,801,24285,387,40063,0.03144505947854024,0.060972824849429196,0.03193016025260332,0.6742424242698448,0.6225989929762812,0.6235351562505744
IMG_6472-7,Blackhat,1184,17488,4,46860,0.0633968729970904,0.11923464250191723,0.06341045416097145,0.9966329966332801,0.7282277615470127,0.7330932617191572
IMG_6472-7,UNet_no_TAFE,1176,1691,12,62657,0.40847516500838926,0.5800246609228107,0.41018486224589523,0.9898989898998402,0.9737210169702653,0.9740142822266021
IMG_6472-7,TAFE_channel,800,162,388,64186,0.5925925926227709,0.7441860465235263,0.8316008316183368,0.6734006734281649,0.9974824392366546,0.9916076660156378
IMG_6472-7,TAFE_spatial,1139,1132,49,63216,0.4909482758840109,0.6585718415825795,0.5015411713121295,0.9587542087576806,0.9824081556536607,0.981979370117215
IMG_6472-7,TAFE_full,861,150,327,64198,0.643497757874178,0.7830832196551577,0.8516320474924202,0.724747474770644,0.9976689252191246,0.9927215576171986
IMG_6472-8,Otsu,1204,23594,7,40731,0.04853860109232599,0.0925833365408413,0.048552302608885586,0.9942196531796681,0.6332063738831976,0.6398773193364871
IMG_6472-8,Adaptive,1189,24736,22,39589,0.04582418006302916,0.08763266509770182,0.045863066541771025,0.9818331957075283,0.6154527788579628,0.6222229003912014
IMG_6472-8,Canny,898,22084,313,42241,0.038549044863539175,0.07423634936107867,0.03907405796258344,0.7415359207480151,0.6566809172177899,0.658248901367709
IMG_6472-8,Blackhat,1199,16097,12,48228,0.069274324017395,0.12957259415826675,0.06932238668438181,0.9900908340222881,0.7497551496311702,0.7541961669925625
IMG_6472-8,UNet_no_TAFE,1137,830,74,63495,0.5570798628340481,0.7155443675356972,0.5780376207636991,0.9388934764707768,0.9870967741935684,0.9862060546875211
IMG_6472-8,TAFE_channel,591,67,620,64258,0.46244131459605303,0.6324237560389286,0.8981762918087878,0.48802642448488626,0.9989584143023724,0.9895172119140785
IMG_6472-8,TAFE_spatial,1146,378,65,63947,0.7212083071289359,0.8380255941558309,0.751968503953283,0.9463253509540607,0.9941235911387577,0.9932403564453228
IMG_6472-8,TAFE_full,745,86,466,64239,0.574402467264888,0.7296767874765094,0.8965102286526462,0.6151940545321887,0.9986630392537914,0.9915771484375129
IMG_6514-1,Otsu,2406,24635,24,38471,0.08889709957846333,0.16327915578309768,0.08897599941167494,0.9901234567905299,0.6096250752707989,0.6237335205083866
IMG_6514-1,Adaptive,2390,23212,40,39894,0.09320645815812648,0.1705194063956531,0.09335208187214532,0.9835390946508832,0.6321744366627069,0.6452026367192913
IMG_6514-1,Canny,1493,40773,937,22333,0.03455778534121576,0.06680687310035169,0.035323901010184726,0.6144032921969382,0.3538966183891327,0.36355590820409617
IMG_6514-1,Blackhat,2417,14410,13,48696,0.14352731591957524,0.25102560108401606,0.14363820051617257,0.9946502057615371,0.7716540424052045,0.7799224853518983
IMG_6514-1,UNet_no_TAFE,2401,6308,29,56798,0.2747768368130604,0.43109794416526526,0.275691813075259,0.9880658436218903,0.9000412005199188,0.903305053711085
IMG_6514-1,TAFE_channel,1890,655,540,62451,0.6126418152475643,0.7597989949797025,0.7426326129767139,0.7777777777869228,0.9896206382911457,0.9817657470703404
IMG_6514-1,TAFE_spatial,2379,4448,51,58658,0.3458854318210834,0.5139894134221239,0.3484693130313685,0.979012345679876,0.9295154185023143,0.9313507080079173
IMG_6514-1,TAFE_full,1989,646,441,62460,0.6466189857071971,0.7853899309025589,0.7548387096867235,0.818518518525987,0.9897632554749315,0.9834136962890878
IMG_6514-2,Otsu,2690,20272,49,42525,0.11690061275426143,0.20933037625302778,0.11715007403920759,0.9821102592193461,0.6771820309892556,0.6899261474614107
IMG_6514-2,Adaptive,2533,20986,206,41811,0.10676501580987664,0.19293167796788432,0.10770015732340787,0.9247900693711285,0.6658120610862528,0.6766357421879934
IMG_6514-2,Canny,2037,35983,702,26814,0.05260575383747584,0.0999533845307786,0.05357706470527728,0.743702081060836,0.4269949201404096,0.44023132324304165
IMG_6514-2,Blackhat,2627,15855,112,46942,0.14128213402634568,0.24758493945032,0.14213829672577566,0.959109163929934,0.7475197859774392,0.7563629150394343
IMG_6514-2,UNet_no_TAFE,2705,10230,34,52567,0.20857429254986062,0.3451575858150749,0.2091225357618158,0.9875867104787299,0.837094128700675,0.843383789062739
IMG_6514-2,TAFE_channel,1392,145,1347,62652,0.4826629681177995,0.6510757717574585,0.9056603773646285,0.5082146769073307,0.9976909724986899,0.9772338867187847
IMG_6514-2,TAFE_spatial,2697,8616,42,54181,0.23751651255625258,0.3838599487661268,0.2383983028441757,0.9846659364737252,0.8627959934393955,0.8678894042970766
IMG_6514-2,TAFE_full,1562,185,1177,62612,0.5341997264181191,0.6963887650535803,0.8941041785979333,0.570281124513681,0.9970539993948803,0.9792175292969068
IMG_6514-3,Otsu,2486,24630,74,38346,0.09143067304490095,0.1675427955278085,0.09168018882175955,0.9710937500011292,0.6088986280494015,0.6230468750005752
IMG_6514-3,Adaptive,2386,21887,174,41089,0.09759888739273694,0.17784071852130645,0.09829852099411568,0.9320312500026551,0.6524549034558365,0.6633758544927012
IMG_6514-3,Canny,1863,36752,697,26224,0.047390109892533096,0.0904918032808974,0.048245500455656495,0.7277343750106354,0.41641260162694294,0.4285736083993094
IMG_6514-3,Blackhat,2475,15805,85,47171,0.1347672202606329,0.2375239923261155,0.13539387309006895,0.966796875001297,0.7490313770329189,0.7575378417972449
IMG_6514-3,UNet_no_TAFE,2560,15232,0,47744,0.14388489209114272,0.25157232704770255,0.14388489209114272,1.0,0.7581300813011971,0.7675781250003546
IMG_6514-3,TAFE_channel,988,148,1572,62828,0.36484490401163794,0.5346320346446258,0.8697183098706233,0.3859375000239868,0.9976498983739874,0.9737548828125401
IMG_6514-3,TAFE_spatial,2558,13830,2,49146,0.15607077486787022,0.2700021110445957,0.15608982182599407,0.9992187500000305,0.7803925304881536,0.7889404296878221
IMG_6514-3,TAFE_full,1312,168,1248,62808,0.48093841644131463,0.6495049505037251,0.8864864864941563,0.5125000000190431,0.9973323170731749,0.978393554687533
IMG_6516-1,Otsu,2655,23311,189,39381,0.10151022749339891,0.18431100312674656,0.10224909497380323,0.933544303799805,0.628166273209296,0.6414184570317971
IMG_6516-1,Adaptive,2580,21945,264,40747,0.10407842188428706,0.18853447331218334,0.1051987767620583,0.9071729957838547,0.6499553372046674,0.6611175537114546
IMG_6516-1,Canny,1727,14148,1117,48544,0.1016360640354188,0.1845184037652411,0.10878740158041708,0.6072433192824458,0.7743252727624349,0.7670745849612929
IMG_6516-1,Blackhat,2642,7698,202,54994,0.25061658130098063,0.40078883495600126,0.25551257254104914,0.9289732770770404,0.8772092132969482,0.879455566406434
IMG_6516-1,UNet_no_TAFE,2611,3833,233,58859,0.39104388199204665,0.5622308354913627,0.4051831160862014,0.9180731364304475,0.9388598226249938,0.9379577636719697
IMG_6516-1,TAFE_channel,2038,625,806,62067,0.587489189980182,0.740148901402939,0.7653022906584566,0.7165963431885867,0.9900306259171984,0.9781646728515958
IMG_6516-1,TAFE_spatial,2501,3059,343,59633,0.4236828731251282,0.5951927653546502,0.4498201438947874,0.8793952180070536,0.9512058954891355,0.9480895996094542
IMG_6516-1,TAFE_full,1958,651,886,62041,0.5602288984389062,0.7181368054333737,0.7504791107799741,0.6884669479715729,0.9896158999553538,0.9765472412109732
IMG_6516-2,Otsu,2120,26923,102,36391,0.0727397495314025,0.13561490484843877,0.07299521399623662,0.95409540954302,0.5747701930069578,0.5876312255865668
IMG_6516-2,Adaptive,2099,23136,123,40178,0.08277466677544452,0.15289361547454966,0.08317812562281283,0.9446444644489359,0.6345831885528721,0.6450958251958541
IMG_6516-2,Canny,1504,35306,718,28008,0.040076742701342795,0.07706497233276013,0.040858462376960454,0.6768676867832194,0.4423666171787561,0.4503173828133388
IMG_6516-2,Blackhat,2103,15609,119,47705,0.11794066513870258,0.21099628775353166,0.11873306233559883,0.9464446444668567,0.7534668477749732,0.7600097656253662
IMG_6516-2,UNet_no_TAFE,2113,13113,109,50201,0.13778937072619635,0.24220541036656232,0.13877577827966125,0.9509450945116587,0.7928894083460326,0.7982482910159329
IMG_6516-2,TAFE_channel,1710,2233,512,61081,0.38383838385221464,0.5547445255546676,0.4336799391470028,0.7695769577061398,0.9647313390403943,0.9581146240235014
IMG_6516-2,TAFE_spatial,2056,10592,166,52722,0.16044950835679372,0.2765299260304201,0.1625553447251537,0.9252925292562875,0.8327068262946067,0.8358459472658755
IMG_6516-2,TAFE_full,1691,2306,531,61008,0.3734540636180775,0.5438173339838589,0.4230673004897907,0.761026102621016,0.9635783554980516,0.9567108154297536
IMG_6516-3,Otsu,2379,23735,73,39349,0.09084660327990664,0.16656164671579302,0.09110055909056022,0.9702283849930575,0.6237556274180082,0.6367187500005543
IMG_6516-3,Adaptive,2330,19932,122,43152,0.10409220872451709,0.18855709314886882,0.10466265385363101,0.9502446982075756,0.6840403271833048,0.694000244141092
IMG_6516-3,Canny,2064,27367,388,35717,0.06921761293447393,0.12947338707421047,0.07013013489494026,0.8417618270863881,0.5661815991383454,0.5764923095709588
IMG_6516-3,Blackhat,2396,10605,56,52479,0.18350310179073673,0.3101015983995981,0.18429351588966775,0.9771615008165921,0.8318908122505994,0.8373260498049357
IMG_6516-3,UNet_no_TAFE,2318,5366,134,57718,0.29649526734079695,0.4573796369430013,0.3016657990720762,0.9453507340968454,0.9149388117432076,0.916076660156378
IMG_6516-3,TAFE_channel,915,82,1537,63002,0.36108918708125143,0.5305885764125663,0.9177532597875875,0.37316476348396554,0.9987001458372984,0.9752960205078502
IMG_6516-3,TAFE_spatial,2307,4070,145,59014,0.3537258509758705,0.5225959904913059,0.3617688568392384,0.940864600328676,0.9354828482659066,0.9356842041016606
IMG_6516-3,TAFE_full,1156,122,1296,62962,0.4491064491278514,0.6198391421013448,0.9045383411655291,0.4714518760411317,0.9980660706359805,0.978363037109408
IMG_6516-4,Otsu,2454,21569,65,41448,0.10187645300937447,0.18491447517449733,0.1021521042371804,0.9741961095683129,0.6577272799408768,0.6698913574223787
IMG_6516-4,Adaptive,2371,21087,148,41930,0.10044056596161804,0.18254609847487183,0.10107426038408612,0.9412465264016973,0.6653760096487212,0.6759796142583069
IMG_6516-4,Canny,1965,31961,554,31056,0.05698955916746813,0.10783372204936799,0.05792017921635937,0.780071456936083,0.4928193979410432,0.5038604736335696
IMG_6516-4,Blackhat,2431,13601,88,49416,0.15080645161817116,0.26208829713081727,0.15163423154221783,0.9650655021847929,0.784169351127816,0.7911224365237562
IMG_6516-4,UNet_no_TAFE,2148,6917,371,56100,0.2276388300209025,0.3708563535965913,0.23695532267802583,0.8527193330745249,0.8902359680722817,0.8887939453126696
IMG_6516-4,TAFE_channel,974,67,1545,62950,0.37664346483462324,0.5471910112486744,0.9356388088438387,0.3866613735852854,0.9989367948331419,0.9754028320312875
IMG_6516-4,TAFE_spatial,2145,5835,374,57182,0.2567632272054493,0.40861034384790346,0.2687969924903659,0.85152838428537,0.9074059380803475,0.905258178711082
IMG_6516-4,TAFE_full,1194,82,1325,62935,0.45905420994005947,0.629249011867477,0.9357366771210238,0.47399761812330304,0.9986987638256364,0.9785308837890953
IMG_6522-1,Otsu,1986,22710,32,40808,0.08031381430329863,0.1486860822072745,0.08041788144201321,0.9841427155607462,0.6424635536389016,0.6529846191411545
IMG_6522-1,Adaptive,1923,22315,95,41203,0.07902847984597448,0.1464808043908193,0.07933822923063232,0.9529236868209652,0.6486822632959969,0.6580505371098968
IMG_6522-1,Canny,1530,16916,488,46602,0.08080701384239565,0.14953088350689242,0.08294481188830671,0.7581764123013788,0.7336817909888005,0.7344360351566552
IMG_6522-1,Blackhat,1960,14568,58,48950,0.1181719522542013,0.21136633236702593,0.11858664085722055,0.9712586719538524,0.7706476904188252,0.7768249511722155
IMG_6522-1,UNet_no_TAFE,1193,839,825,62679,0.4175708785643133,0.5891358024792805,0.587106299232918,0.5911793855504867,0.9867911458169546,0.9746093750000387
IMG_6522-1,TAFE_channel,854,268,1164,63250,0.3735783027395635,0.5439490446005112,0.761140819985638,0.4231912785221411,0.9957807235744265,0.9781494140625333
IMG_6522-1,TAFE_spatial,1183,520,835,62998,0.46611505124246994,0.6358505778114525,0.694656488567548,0.5862239841632199,0.9918133442488872,0.979324340820344
IMG_6522-1,TAFE_full,948,217,1070,63301,0.424161073851268,0.5956644674962092,0.8137339055953876,0.46977205156244933,0.9965836455807856,0.9803619384765925
IMG_6522-3,Otsu,2041,33516,55,29924,0.05731214197726241,0.10841101638884441,0.05740079309543156,0.9737595419859849,0.47168978562504466,0.48774719238359415
IMG_6522-3,Adaptive,1971,22519,125,40921,0.08007312614633325,0.14827352742365052,0.08048182932184368,0.9403625954226927,0.6450346784368773,0.6544799804692772
IMG_6522-3,Canny,1416,22624,680,40816,0.05728155340187184,0.10835629017788354,0.05890183028677662,0.6755725190994479,0.6433795712489858,0.6444091796880426
IMG_6522-3,Blackhat,2051,19884,45,43556,0.09331210191495308,0.17069618409899423,0.09350353317030542,0.9785305343521693,0.6865699873901536,0.6959075927739015
IMG_6522-3,UNet_no_TAFE,1866,3375,230,60065,0.34107110218714914,0.5086547635340241,0.35603892388177755,0.8902671755777545,0.9468001261034886,0.9449920654297714
IMG_6522-3,TAFE_channel,856,119,1240,63321,0.38645598196900877,0.5574731358007987,0.877948717961236,0.4083969465931108,0.998124211853723,0.9792633056640941
IMG_6522-3,TAFE_spatial,1873,2892,223,60548,0.37550120289944866,0.5459845503637081,0.3930745015867141,0.8936068702340837,0.9544136191677894,0.952468872070385
IMG_6522-3,TAFE_full,929,97,1167,63343,0.4236206110613944,0.5951313260859984,0.9054580896778305,0.44322519086625833,0.9984709962169003,0.9807128906250294
IMG_6526-1,Otsu,1246,40143,5,24142,0.0301009808208192,0.05844277673766781,0.030104617171156336,0.9960031974423659,0.3755463949609154,0.38739013671968475
IMG_6526-1,Adaptive,1178,18276,73,46009,0.060326727100628225,0.11378893987387688,0.06055309962444457,0.9416466826585415,0.7157035078171957,0.7200164794926147
IMG_6526-1,Canny,1011,4352,240,59933,0.18043905052328327,0.3057151496929889,0.1885138914937812,0.8081534772335608,0.9323014700164388,0.9299316406251069
IMG_6526-1,Blackhat,1180,2767,71,61518,0.2936784470061305,0.4540207772325121,0.29896123639982364,0.943245403681595,0.9569572995256173,0.9566955566406911
IMG_6526-1,UNet_no_TAFE,980,330,271,63955,0.6198608475888766,0.7653260445230252,0.7480916030726646,0.7833733013762291,0.9948666096290039,0.9908294677734515
IMG_6526-1,TAFE_channel,805,105,446,64180,0.5936578171391107,0.7450254511918083,0.8846153846280642,0.6434852118590338,0.9983666485183195,0.9915924072265754
IMG_6526-1,TAFE_spatial,872,136,379,64149,0.628695025261089,0.7720230190450632,0.8650793650927501,0.6970423661313315,0.9978844209380137,0.9921417236328245
IMG_6526-1,TAFE_full,722,49,529,64236,0.5553846154188166,0.7141444114879256,0.9364461738085025,0.577138289402307,0.999237769308549,0.9911804199218884
IMG_6526-2,Otsu,1318,42569,12,21637,0.030023462951251686,0.058296658338549,0.03003167225139556,0.990977443609701,0.33699342740657107,0.35026550293067893
IMG_6526-2,Adaptive,1262,23298,68,40908,0.051242488228637154,0.09748937814176326,0.05138436482470935,0.948872180454972,0.6371367161953133,0.643463134766169
IMG_6526-2,Canny,1089,9595,241,54611,0.0996796338755178,0.18128849676060188,0.10192811681858922,0.8187969924948273,0.8505591377755185,0.849914550781479
IMG_6526-2,Blackhat,1314,14692,16,49514,0.0820122331851079,0.15159206276446935,0.0820942146752337,0.9879699248129346,0.7711740335797727,0.7755737304690925
IMG_6526-2,UNet_no_TAFE,707,44,623,64162,0.5145560407922448,0.6794810187563921,0.9414114514059372,0.5315789474036406,0.9993147057907371,0.989822387695328
IMG_6526-2,TAFE_channel,806,51,524,64155,0.5836350470974919,0.7370827617861417,0.940490081687224,0.6060150376236079,0.9992056817119908,0.9912261962890759
IMG_6526-2,TAFE_spatial,657,24,673,64182,0.48522895129355764,0.6534062655567675,0.9647577092562764,0.4939849624440612,0.9996262031585839,0.9893646240234537
IMG_6526-2,TAFE_full,709,27,621,64179,0.5224760501457276,0.6863504356395765,0.9633152173962887,0.5330827068020239,0.9995794785534069,0.9901123046875151
IMG_6526-3,Otsu,784,40524,1,24227,0.018978915008789902,0.03725084931214869,0.018979374457686212,0.9987261146498438,0.3741563836861606,0.3816375732431311
IMG_6526-3,Adaptive,761,24702,24,40049,0.02985835916730153,0.05798537031751758,0.029886501987079737,0.9694267515962514,0.6185078222736042,0.6227111816412007
IMG_6526-3,Canny,678,14667,107,50084,0.04387781517574502,0.08406695598831948,0.04418377322226012,0.8636942675332874,0.7734861237667782,0.774566650390969
IMG_6526-3,Blackhat,776,18574,9,46177,0.04008471512454111,0.07707971194895913,0.04010335917808732,0.9885350318485943,0.7131472873010253,0.7164459228519952
IMG_6526-3,UNet_no_TAFE,507,153,278,64598,0.5405117271278772,0.7017301038268698,0.7681818182169422,0.6458598726565784,0.9976371021297005,0.9934234619140725
IMG_6526-3,TAFE_channel,159,17,626,64734,0.19825436418974385,0.33090530704152915,0.9034090909639722,0.20254777080222322,0.999737455792189,0.9901885986328275
IMG_6526-3,TAFE_spatial,497,75,288,64676,0.5779069767932666,0.7324981577205233,0.8688811189040418,0.6331210191550165,0.9988417167302454,0.9944610595703209
IMG_6526-3,TAFE_full,282,18,503,64733,0.3511830635926298,0.5198156682470215,0.9400000000200001,0.359235668871435,0.9997220120152589,0.9920501708984496
IMG_6526-4,Otsu,1451,23417,12,40656,0.058319935695103214,0.11021229729554435,0.05834807785484016,0.991797676008763,0.6345262435040743,0.642501831055233
IMG_6526-4,Adaptive,1361,19493,102,44580,0.06494560030986378,0.12196979881201787,0.06526325885170585,0.9302802460744853,0.6957688886119024,0.7010040283207687
IMG_6526-4,Canny,1256,9294,207,54779,0.11676117877552514,0.2091068009722042,0.11905213270977201,0.8585099111511614,0.8549467014189207,0.8550262451174088
IMG_6526-4,Blackhat,1420,11578,43,52495,0.10888735527100002,0.19639029113341822,0.1092475765570915,0.9706083390314006,0.8192998610962194,0.8226776123049581
IMG_6526-4,UNet_no_TAFE,1004,279,459,63794,0.5763490241345379,0.7312454479340407,0.7825409197363569,0.6862611073351838,0.9956455917469205,0.9887390136718922
IMG_6526-4,TAFE_channel,834,121,629,63952,0.5265151515450431,0.6898263027423563,0.8732984293326389,0.5700615174593259,0.9981115290371949,0.9885559082031424
IMG_6526-4,TAFE_spatial,939,147,524,63926,0.5832298136904825,0.7367595135450468,0.8646408839903644,0.6418318523826498,0.9977057418881624,0.9897613525390782
IMG_6526-4,TAFE_full,799,67,664,64006,0.5222222222534495,0.6861313868747905,0.9226327944662087,0.5461380724848846,0.9989543177313394,0.9888458251953295
IMG_6528-1,Otsu,1160,37540,17,26819,0.029960999046852906,0.05817890012022424,0.029974160209224873,0.9855564995764183,0.4167093957342148,0.42692565918056197
IMG_6528-1,Adaptive,1120,28220,57,36139,0.0380991257644042,0.07340171052504045,0.03817314247089921,0.9515717926974026,0.5615220870436746,0.5685272216803459
IMG_6528-1,Canny,886,37759,291,26600,0.022755290736021276,0.04449801617436468,0.022926639930073937,0.7527612574551604,0.4133066082452908,0.4194030761727609
IMG_6528-1,Blackhat,1135,22288,42,42071,0.048369912639896144,0.09227642276791756,0.04845664518187911,0.9643160577770334,0.6536925682505109,0.6592712402348949
IMG_6528-1,UNet_no_TAFE,91,39,1086,64320,0.07483552639187206,0.13925019134359218,0.7000000002307692,0.07731520823472257,0.999394024145808,0.9828338623047137
IMG_6528-1,TAFE_channel,220,95,957,64264,0.17295597490778647,0.2949061662670974,0.6984126985084403,0.18691588791954833,0.9985239049705581,0.9839477539062745
IMG_6528-1,TAFE_spatial,96,35,1081,64324,0.07920792086805215,0.14678899089091826,0.7328244276848669,0.08156329659459954,0.9994561755154687,0.982971191406276
IMG_6528-1,TAFE_full,279,118,898,64241,0.21544401550459893,0.35451080054926865,0.702770780931292,0.23704333056609658,0.998166534595009,0.9844970703125236
IMG_6528-3,Otsu,514,33754,6,31262,0.014996790572985362,0.029550419687738444,0.014999416367996381,0.9884615384637574,0.4808354866502387,0.48486328125078604
IMG_6528-3,Adaptive,510,27632,10,37384,0.0181159420324733,0.03558718861546442,0.018122379365296985,0.9807692307729291,0.5749969238347868,0.5782165527350186
IMG_6528-3,Canny,415,42746,105,22270,0.009591827303172025,0.01900139649042146,0.009615161838211313,0.7980769231157545,0.3425310692762666,0.3461456298838102
IMG_6528-3,Blackhat,512,22489,8,42527,0.022252162201650428,0.0435355639681836,0.022259901747653316,0.9846153846183432,0.6541005291010611,0.6567230224614613
IMG_6528-3,UNet_no_TAFE,376,516,144,64500,0.36293436299585574,0.532577903715823,0.4215246637419816,0.7230769231301776,0.9920634920635043,0.9899291992187653
IMG_6528-3,TAFE_channel,373,406,147,64610,0.4028077754424614,0.5742879138126029,0.47881899878320683,0.7173076923620563,0.9937553832902766,0.9915618896484504
IMG_6528-3,TAFE_spatial,394,393,126,64623,0.43154435931746504,0.6029074216065105,0.5006353240786995,0.7576923077389054,0.9939553340716224,0.9920806884765746
IMG_6528-3,TAFE_full,391,425,129,64591,0.41375661381865014,0.5853293413484034,0.47916666673049435,0.7519230769707841,0.9934631475329251,0.9915466308593879
IMG_6533-3,Otsu,1435,30048,23,34030,0.045546879962402254,0.08712546674634307,0.04558015437205609,0.9842249657075292,0.5310715066020615,0.5411529541022626
IMG_6533-3,Adaptive,1412,26808,46,37270,0.04995400835261461,0.09515466002057027,0.05003543586445771,0.9684499314150583,0.581634882487622,0.5902404785162503
IMG_6533-3,Canny,899,35433,559,28645,0.02436908731391296,0.04757872453281932,0.024744027306438553,0.6165980795873389,0.44703330316263457,0.450805664063338
IMG_6533-3,Blackhat,1358,18332,100,45746,0.06862051541653047,0.12842822016678443,0.06896901981173709,0.9314128943805615,0.7139111707610819,0.7187500000004291
IMG_6533-3,UNet_no_TAFE,1146,687,312,63391,0.534265734287447,0.6964448495990141,0.6252045826718383,0.786008230467352,0.9892786915946358,0.9847564697265858
IMG_6533-3,TAFE_channel,454,95,1004,63983,0.2923374115072545,0.4524165421299244,0.8269581056781498,0.31138545958083774,0.9985174318798987,0.983230590820338
IMG_6533-3,TAFE_spatial,1111,376,347,63702,0.6057797164882345,0.7544991511119016,0.7471418964527813,0.7620027435005485,0.9941321514404411,0.9889678955078294
IMG_6533-3,TAFE_full,564,80,894,63998,0.36671001304507733,0.5366317792798939,0.8757763975348173,0.38683127576222004,0.9987515215830726,0.9851379394531476
IMG_6536-1,Otsu,1301,35650,1,28584,0.03520783719680881,0.06802080882788795,0.035208790021825635,0.999231950844913,0.4449979761505667,0.45600891113364256
IMG_6536-1,Adaptive,1287,27798,15,36436,0.04422680412699578,0.0847072761408342,0.044249613205967854,0.9884792626736959,0.5672385341103353,0.5756072998053351
IMG_6536-1,Canny,612,19074,690,45160,0.030035335693806262,0.058319039455601684,0.031088082906476234,0.47004608299001177,0.7030544571415402,0.6984252929692102
IMG_6536-1,Blackhat,1289,18919,13,45315,0.06374561100309706,0.119851231989215,0.06378661916536131,0.9900153609838698,0.7054675094191465,0.7111206054691908
IMG_6536-1,UNet_no_TAFE,1196,1314,106,62920,0.45718654436325745,0.6274921301251969,0.4764940239252393,0.9185867895607844,0.9795435439175832,0.9783325195312831
IMG_6536-1,TAFE_channel,789,257,513,63977,0.5060936498071781,0.6720613288044268,0.7543021032739672,0.6059907834404,0.9959990036429368,0.9882507324218929
IMG_6536-1,TAFE_spatial,1157,666,145,63568,0.5879065040859803,0.7404800000083046,0.6346681294769793,0.8886328725123938,0.9896316592458984,0.9876251220703314
IMG_6536-1,TAFE_full,800,172,502,64062,0.5427408412793255,0.7036059806638697,0.8230452675079172,0.6144393241463564,0.9973222903758177,0.9897155761718907
IMG_6536-2,Otsu,1794,41317,5,22420,0.04160868355357267,0.07989311957452706,0.0416135093153914,0.9972206781546847,0.35175800555509085,0.3694763183603371
IMG_6536-2,Adaptive,1753,27572,46,36165,0.059684723029315705,0.11264618943865619,0.05977834612426333,0.9744302390231,0.5674098247492549,0.578582763672518
IMG_6536-2,Canny,883,21701,916,42036,0.037574468089201805,0.07242751097456249,0.03909847680198769,0.490828237938253,0.6595227262035246,0.6548919677739641
IMG_6536-2,Blackhat,1744,17502,55,46235,0.09035801254292339,0.16574008078324665,0.09061623194902517,0.9694274597015327,0.7254028272436334,0.7321014404300963
IMG_6536-2,UNet_no_TAFE,1459,1093,340,62644,0.5044951590766081,0.6706504251971811,0.5717084639666259,0.8110061145185655,0.9828514049924175,0.9781341552734709
IMG_6536-2,TAFE_channel,704,65,1095,63672,0.3776824034668625,0.5482866043789608,0.9154746424037095,0.39132851587596834,0.9989801841944256,0.982299804687527
IMG_6536-2,TAFE_spatial,1392,618,407,63119,0.5759205626985553,0.7309004988256523,0.6925373134481325,0.7737632017913417,0.9903039051100768,0.9843597412109614
IMG_6536-2,TAFE_full,756,73,1043,63664,0.40384615387799966,0.5753424657695837,0.9119420989249768,0.42023346306724657,0.9988546684029702,0.982971191406276
IMG_6536-3,Otsu,1492,44436,0,19608,0.03248562968334679,0.06292703500830256,0.03248562968334679,1.0,0.30616451189915345,0.3219604492197846
IMG_6536-3,Adaptive,1456,28272,36,35772,0.04891815616500162,0.09327354260380116,0.04897739505163826,0.9758713136745395,0.5585534944732394,0.5680541992194091
IMG_6536-3,Canny,806,22738,686,41306,0.03326454808488128,0.06438728231720568,0.03423377506356509,0.540214477242613,0.6449628380493958,0.6425781250005453
IMG_6536-3,Blackhat,1465,20769,27,43275,0.06581016127278284,0.12349321419909173,0.06589007826272425,0.9819034852559045,0.6757073262137347,0.6826782226567342
IMG_6536-3,UNet_no_TAFE,976,846,516,63198,0.4174508126853101,0.5890162945205487,0.5356750823525974,0.6541554960017322,0.9867903316470134,0.9792175292969068
IMG_6536-3,TAFE_channel,725,46,767,63998,0.4713914174595974,0.6407423773910411,0.9403372243916553,0.4859249330103267,0.9992817438011379,0.9875946044922064
IMG_6536-3,TAFE_spatial,975,422,517,63622,0.5094043887403654,0.6749740394712713,0.6979241231425967,0.6534852547149138,0.9934107800886993,0.9856719970703344
IMG_6536-3,TAFE_full,730,31,762,64013,0.4793171372633409,0.6480248557635143,0.9592641261551559,0.48927613944441845,0.9995159577790277,0.9878997802734559
IMG_6536-4,Otsu,1315,39553,0,24668,0.03217676421887008,0.06234739113135066,0.03217676421887008,1.0,0.38411111630248035,0.39646911621185843
IMG_6536-4,Adaptive,1312,27751,3,36470,0.045138649972321136,0.08637830008859576,0.04514330936570504,0.9977186311788807,0.5678827797767586,0.5765075683600211
IMG_6536-4,Canny,715,22346,600,41875,0.03021850302594895,0.058664259931659565,0.03100472659888554,0.5437262357761424,0.6520452811391102,0.6498718261724092
IMG_6536-4,Blackhat,1304,19024,11,45197,0.06411327991020152,0.12050085478390009,0.06414797324348609,0.9916349809892293,0.7037729091734732,0.7095489501957557
IMG_6536-4,UNet_no_TAFE,1310,1308,5,62913,0.4994281357415392,0.6661581490041658,0.5003819709892903,0.9961977186314679,0.9796328303826168,0.979965209960968
IMG_6536-4,TAFE_channel,598,48,717,64173,0.4387380778108042,0.6098929117995975,0.9256965944387466,0.45475285175249025,0.9992525809314722,0.9883270263672053
IMG_6536-4,TAFE_spatial,1264,478,51,63743,0.7049637479249881,0.826954530591202,0.7256027554692536,0.9612167300409721,0.9925569517759104,0.9919281005859498
IMG_6536-4,TAFE_full,844,48,471,64173,0.6192223037696828,0.7648391481755851,0.9461883408132076,0.6418250950842718,0.9992525809314722,0.9920806884765746
IMG_6536-5,Otsu,1895,36853,2,26786,0.048903225808906055,0.09324640177366651,0.04890574997664678,0.9989457037428073,0.4209054196335252,0.4376373291024206
IMG_6536-5,Adaptive,1863,26173,34,37466,0.0663697898145124,0.12447800087153149,0.06645027821705504,0.9820769636277239,0.5887270384519104,0.6001129150396727
IMG_6536-5,Canny,1065,23166,832,40473,0.0424929178508459,0.08152173913395008,0.043951962366208776,0.5614127570078328,0.635977938057424,0.6338195800786838
IMG_6536-5,Blackhat,1876,18074,21,45565,0.09393620750541316,0.1717398269823237,0.09403508772383942,0.9889298892994766,0.7159917660558526,0.7238922119144838
IMG_6536-5,UNet_no_TAFE,1862,2706,35,60933,0.40451879210505065,0.5760247486531164,0.40761821367321327,0.9815498154991276,0.957478904445454,0.9581756591797513
IMG_6536-5,TAFE_channel,1426,176,471,63463,0.6878919440575065,0.8150900257269194,0.8901373283464333,0.7517132314311169,0.9972344002891352,0.9901275634765776
IMG_6536-5,TAFE_spatial,1848,1526,49,62113,0.5398773006269391,0.7011952191291748,0.5477178423370564,0.9741697416987786,0.9760209934160248,0.9759674072265991
IMG_6536-5,TAFE_full,1506,141,391,63498,0.7389597644877841,0.84988713318708,0.9143897996408993,0.7938850817188252,0.997784377504364,0.9918823242187624
IMG_6536-7,Otsu,923,45824,1,18788,0.019744160180072422,0.038723752388163196,0.019744582542152982,0.998917748917866,0.2907818981005219,0.3007659912120045
IMG_6536-7,Adaptive,921,32123,3,32489,0.02786939813287781,0.05422750824583659,0.02787192834091553,0.9967532467535981,0.5028322912160236,0.509796142578873
IMG_6536-7,Canny,784,34012,140,30600,0.022441035038291614,0.04389697648643926,0.022531325442514853,0.8484848485012462,0.47359623599412864,0.47888183593829514
IMG_6536-7,Blackhat,922,23952,2,40660,0.03706383663355417,0.07147840918260533,0.037066816760323765,0.9978354978357321,0.6292948678269837,0.6344909667974328
IMG_6536-7,UNet_no_TAFE,750,1021,174,63591,0.3856041131421283,0.5565862708884384,0.4234895539568893,0.8116883117086917,0.984197981799071,0.9817657470703404
IMG_6536-7,TAFE_channel,521,155,403,64457,0.48285449495061583,0.6512500000217969,0.7707100592055163,0.563852813900016,0.9976010648176846,0.991485595703138
IMG_6536-7,TAFE_spatial,712,443,212,64169,0.5208485735537053,0.6849446849598392,0.6164502164834241,0.7705627705876015,0.993143688478931,0.9900054931640777
IMG_6536-7,TAFE_full,550,132,374,64480,0.5208333333787089,0.6849315068689333,0.8064516129316053,0.5952380952819006,0.9979570358447379,0.9922790527343868
IMG_6537-1,Otsu,1658,37280,27,26571,0.04255100731671359,0.0816286340273204,0.04258051261224875,0.9839762611285474,0.4161407025740926,0.43074035644618114
IMG_6537-1,Adaptive,1650,28717,35,35134,0.05427274521724139,0.10295769375045875,0.054335298188644465,0.979228486648117,0.5502498003170659,0.5612792968756695
IMG_6537-1,Canny,971,32716,714,31135,0.02822592366783458,0.05490218251991716,0.02882417550084951,0.5762611276215869,0.48761961441561197,0.4898986816414034
IMG_6537-1,Blackhat,1666,17424,19,46427,0.08718404940558279,0.1603850782230547,0.08727082242489644,0.9887240356089778,0.7271146888854879,0.7338409423832186
IMG_6537-1,UNet_no_TAFE,1529,1504,156,62347,0.4794606459868467,0.6481559983118237,0.5041213320308566,0.9074183976316073,0.9764451613914011,0.9746704101562886
IMG_6537-1,TAFE_channel,1084,134,601,63717,0.5959318306984095,0.746813641069693,0.8899835796477846,0.6433234421576662,0.9979013641133296,0.9887847900390796
IMG_6537-1,TAFE_spatial,1426,646,259,63205,0.6117546117712676,0.7591163162161534,0.6882239382389854,0.8462908011960658,0.9898826956508279,0.9861907958984586
IMG_6537-1,TAFE_full,1122,128,563,63723,0.618863761741927,0.7645655877422635,0.897600000008192,0.6658753709397107,0.9979953328843746,0.9894561767578286
IMG_6537-2,Otsu,1601,37809,1,26125,0.04062317627301864,0.07807470984327007,0.040624207056481544,0.9993757802746956,0.4086245190361801,0.42306518554775535
IMG_6537-2,Adaptive,1559,28566,43,35368,0.05167727393578733,0.09827591641473106,0.051751037347546054,0.9731585518119127,0.5531954828423793,0.5634613037116036
IMG_6537-2,Canny,1023,30569,579,33365,0.03179882503176215,0.06163764536042165,0.03238161560194865,0.638576779048778,0.5218662996222325,0.5247192382819752
IMG_6537-2,Blackhat,1575,21533,27,42401,0.0680786686878406,0.12747875354460753,0.06815821360971024,0.9831460674167823,0.6631995495359853,0.6710205078130019
IMG_6537-2,UNet_no_TAFE,1594,1777,8,62157,0.4717372003707684,0.6410617333673625,0.47285671909009624,0.9950062421975652,0.9722057121406885,0.972763061523479
IMG_6537-2,TAFE_channel,908,37,694,63897,0.5539963392584505,0.7129956812048295,0.9608465608507041,0.566791510638777,0.9994212781931375,0.9888458251953295
IMG_6537-2,TAFE_spatial,1560,1025,42,62909,0.5938332699050692,0.7451636016301609,0.6034816247735598,0.973782771537217,0.9839678418369193,0.9837188720703374
IMG_6537-2,TAFE_full,1064,53,538,63881,0.6429003021363806,0.7826406767273762,0.9525514771752416,0.6641697877862566,0.9991710201144943,0.9909820556640763
IMG_6537-3,Otsu,1432,38241,15,25848,0.036081435196945975,0.06964980544973334,0.03609507725900211,0.989633724948885,0.40331414127322424,0.41625976562589073
IMG_6537-3,Adaptive,1400,28615,47,35474,0.0465704211328369,0.088996249446669,0.04664334499734585,0.9675190048398398,0.5535115230389716,0.5626525878912924
IMG_6537-3,Canny,1051,32371,396,31718,0.031078124078801,0.06028277266609228,0.031446352704711134,0.7263303386505646,0.4949055220092451,0.5000152587898254
IMG_6537-3,Blackhat,1433,22832,14,41257,0.059022200259240404,0.11146546360021986,0.059056253867467316,0.9903248099522927,0.6437454165306936,0.6513977050786569
IMG_6537-3,UNet_no_TAFE,1442,1482,5,62607,0.4923181973543081,0.6598032486922946,0.49316005473689606,0.9965445749829617,0.976875906941945,0.9773101806640971
IMG_6537-3,TAFE_channel,1022,99,425,63990,0.6610608020917813,0.7959501557711858,0.9116859946555141,0.7062888735517422,0.998455273135798,0.9920043945312622
IMG_6537-3,TAFE_spatial,1412,619,35,63470,0.6834462730066097,0.8119608970726866,0.6952240275876306,0.9758120248807317,0.9903415562733225,0.9900207519531402
IMG_6537-3,TAFE_full,1136,74,311,64015,0.7468770545860042,0.855099736550429,0.9388429752116658,0.7850725639402162,0.9988453556772631,0.9941253662109465
IMG_6537-4,Otsu,1936,34987,0,28613,0.05243344257223835,0.09964229651020447,0.05243344257223835,1.0,0.4498899371077832,0.4661407470711271
IMG_6537-4,Adaptive,1893,26422,43,37178,0.06675364976702605,0.12515288751074294,0.0668550238422502,0.9777892561994943,0.5845597484283261,0.5961761474615537
IMG_6537-4,Canny,1070,29154,866,34446,0.03441621100342742,0.06654228856011647,0.03540232927794004,0.5526859504363282,0.5416037735856264,0.541931152344449
IMG_6537-4,Blackhat,1917,20244,19,43356,0.08642921551358689,0.1591069427764489,0.08650331664145795,0.99018595041373,0.6816981132080476,0.6908111572270342
IMG_6537-4,UNet_no_TAFE,1753,1699,183,61901,0.4822558459564717,0.6507052709790143,0.5078215527373169,0.9054752066164528,0.9732861635220545,0.9712829589844189
IMG_6537-4,TAFE_channel,1406,118,530,63482,0.6845180136472971,0.8127167630111931,0.9225721784827708,0.7262396694356281,0.9981446540880532,0.9901123046875151
IMG_6537-4,TAFE_spatial,1732,859,204,62741,0.6196779964357898,0.7651866578359799,0.66846777307339,0.8946280991789964,0.9864937106918451,0.9837799072265873
IMG_6537-4,TAFE_full,1438,71,498,63529,0.7164922770445196,0.8348330914416594,0.9529489728328066,0.742768595054609,0.998883647798744,0.9913177490234507
IMG_6537-5,Otsu,1818,31816,6,31896,0.05404280618592734,0.10254385470386783,0.05405244693151557,0.9967105263159698,0.5006278252142444,0.514434814453866
IMG_6537-5,Adaptive,1765,25785,59,37927,0.06392842913881731,0.12017430380908226,0.06406533575657326,0.9676535087737033,0.5952881717736136,0.6056518554693517
IMG_6537-5,Canny,1143,25822,681,37890,0.04134413658742189,0.07940532842724858,0.0423882811086876,0.6266447368625743,0.5947074334511635,0.5955963134771796
IMG_6537-5,Blackhat,1780,18053,44,45659,0.08955073703733184,0.16438103154100575,0.0897494075576577,0.9758771929837786,0.7166467855353518,0.7238616943363588
IMG_6537-5,UNet_no_TAFE,1761,3341,63,60371,0.3409486931395751,0.5085186254763425,0.34515876128292516,0.9654605263176831,0.947560899045788,0.9480590820313293
IMG_6537-5,TAFE_channel,1021,133,803,63579,0.5217169136677712,0.6856950973913468,0.8847487001832972,0.5597587719539605,0.9979124811652469,0.9857177734375218
IMG_6537-5,TAFE_spatial,1755,2337,69,61375,0.4217736121263693,0.5933062880393288,0.4288856305124906,0.9621710526336529,0.9633193119036236,0.9632873535156811
IMG_6537-5,TAFE_full,1149,131,675,63581,0.5877237851873287,0.7403350515547572,0.8976562500079956,0.6299342105466045,0.9979438724259199,0.9877014160156438
IMG_6538-1,Otsu,483,30443,0,34610,0.015617926666831735,0.03075551593800899,0.015617926666831735,1.0,0.5320277312352513,0.5354766845710213
IMG_6538-1,Adaptive,468,24956,15,40097,0.018396949569486235,0.03612923148555939,0.018407803653955286,0.9689440993853118,0.6163743409226071,0.6189727783208939
IMG_6538-1,Canny,430,14742,53,50311,0.02824302135285226,0.0549345257166724,0.028341682052278265,0.890269151161435,0.7733847785655183,0.774246215820657
IMG_6538-1,Blackhat,482,23441,1,41612,0.020147132590619683,0.03949848398328485,0.02014797475642625,0.9979296066256874,0.6396630439800783,0.6423034667974208
IMG_6538-1,UNet_no_TAFE,97,73,386,64980,0.1744604318031546,0.29709035232816383,0.5705882355467128,0.20082815751535646,0.9988778380704981,0.9929962158203232
IMG_6538-1,TAFE_channel,87,43,396,65010,0.1653992397023956,0.2838499185507586,0.6692307694852071,0.180124223772231,0.9993390005072798,0.9933013916015727
IMG_6538-1,TAFE_spatial,111,51,372,65002,0.2078651686876657,0.3441860466133045,0.6851851853795153,0.22981366475573214,0.9992160238574712,0.9935455322265724
IMG_6538-1,TAFE_full,110,44,373,65009,0.20872865290156953,0.34536891690025606,0.714285714471243,0.2277432713814196,0.9993236284260536,0.9936370849609472
IMG_6538-3,Otsu,459,31115,2,33960,0.014536356729748744,0.028656157330954717,0.014537277509930521,0.9956616052070149,0.5218593930088024,0.525192260742912
IMG_6538-3,Adaptive,445,22555,16,42520,0.019334376090461704,0.0379352968797667,0.019347826091220228,0.9652928416561187,0.6533999231661108,0.6555938720708381
IMG_6538-3,Canny,417,13131,44,51944,0.030679811661045615,0.05953315726276298,0.030779450848606588,0.9045553145543264,0.7982174414140635,0.7989654541018693
IMG_6538-3,Blackhat,460,21424,1,43651,0.021018962764354495,0.0411725218212523,0.021019923236058217,0.9978308026035074,0.6707798693819889,0.6730804443364363
IMG_6538-3,UNet_no_TAFE,346,351,115,64724,0.4261083744549128,0.5975820380312968,0.4964131994983626,0.750542299403353,0.9946062235881757,0.9928894042968859
IMG_6538-3,TAFE_channel,196,105,265,64970,0.3462897527656732,0.5144356956017802,0.6511627908135671,0.42516268992946576,0.998386477141762,0.9943542480468837
IMG_6538-3,TAFE_spatial,354,269,107,64806,0.48493150691987247,0.6531365313973121,0.5682182986246841,0.7678958785752937,0.9958663081060378,0.9942626953125088
IMG_6538-3,TAFE_full,293,123,168,64952,0.5017123288524465,0.6681870011780858,0.7043269231479984,0.6355748373892462,0.9981098732232069,0.9955596923828193
IMG_6542-1,Otsu,1871,15446,2,48217,0.10803164155489328,0.19499739448048461,0.10804411850142609,0.998932194340687,0.7573786972028378,0.7642822265628597
IMG_6542-1,Adaptive,1841,20137,32,43526,0.0836437982776754,0.1543750786166015,0.08376558376975264,0.9829151094509923,0.6836938252993361,0.6922454833989071
IMG_6542-1,Canny,1484,3344,389,60319,0.2844546674471065,0.4429189673266241,0.3073736537011729,0.7923117992636246,0.9474734146993584,0.9430389404297744
IMG_6542-1,Blackhat,1805,477,68,63186,0.7680851063928475,0.868832731651773,0.7909728308592914,0.9636946075833586,0.9925074218934192,0.9916839599609502
IMG_6542-1,UNet_no_TAFE,1840,797,33,62866,0.689138576790669,0.815964523285677,0.6977626090368692,0.9823812066213358,0.9874809544005348,0.9873352050781443
IMG_6542-1,TAFE_channel,1439,47,434,63616,0.7494791666797146,0.8568026198315927,0.9683714670277005,0.7682861719290824,0.9992617375869826,0.9926605224609487
IMG_6542-1,TAFE_spatial,1728,209,145,63454,0.8299711815643627,0.907086614175667,0.8921011874087712,0.9225840896998087,0.9967170884187099,0.9945983886718832
IMG_6542-1,TAFE_full,1448,48,425,63615,0.7537740760148999,0.859602255866441,0.9679144385048185,0.7730912973959909,0.9992460298760674,0.9927825927734485
IMG_6542-2,Otsu,1899,28630,20,34987,0.06216242757844066,0.11704881657076846,0.06220315110530249,0.9895779051594801,0.5499630601890219,0.562835693360042
IMG_6542-2,Adaptive,1869,19329,50,44288,0.08796121988381042,0.1616991824234905,0.08816869516422224,0.9739447628987001,0.696166119119581,0.7042999267582637
IMG_6542-2,Canny,1656,2347,263,61270,0.3881856540227805,0.5592705167247675,0.41368973271512144,0.8629494528471626,0.9631073455209094,0.9601745605469357
IMG_6542-2,Blackhat,1804,528,115,63089,0.7372292603294962,0.8487414725982417,0.7735849056700865,0.9400729546670102,0.9917003316723648,0.9901885986328275
IMG_6542-2,UNet_no_TAFE,1815,627,104,62990,0.712882953664066,0.8323778949820596,0.7432432432537576,0.9458051068292962,0.9901441438609332,0.9888458251953295
IMG_6542-2,TAFE_channel,1430,63,489,63554,0.7214934409827702,0.838218053932057,0.9578030810477024,0.7451797811492872,0.9990096986654526,0.9915771484375129
IMG_6542-2,TAFE_spatial,1658,141,261,63476,0.804854368941512,0.891877353418723,0.921623123962111,0.8639916623312146,0.9977836112988702,0.9938659667968843
IMG_6542-2,TAFE_full,1367,43,552,63574,0.6967380224415526,0.8212676479476939,0.9695035461014536,0.7123501824016493,0.9993240800414994,0.9909210205078264
IMG_6542-3,Otsu,1026,32711,3,31796,0.030409010079933584,0.05902318357286134,0.03041171414461745,0.9970845481052396,0.4929077464469082,0.5008239746101367
IMG_6542-3,Adaptive,1015,19905,14,44602,0.04848571701992698,0.09248712925831479,0.04851816444049465,0.9863945578244513,0.6914288371809394,0.6960601806645262
IMG_6542-3,Canny,989,997,40,63510,0.4881539980509302,0.6560530680047744,0.49798590133444176,0.9611273080698611,0.9845443130203163,0.9841766357422116
IMG_6542-3,Blackhat,1028,14967,1,49540,0.06426606652247896,0.12077067669689395,0.06427008440722558,0.9990281827017465,0.7679786689820206,0.7716064453128485
IMG_6542-3,UNet_no_TAFE,962,467,67,64040,0.6430481283661064,0.7827502034262511,0.6731980406106929,0.9348882410170175,0.9927604756073096,0.9918518066406374
IMG_6542-3,TAFE_channel,824,47,205,64460,0.765799256527342,0.8673684210596122,0.9460390355974697,0.800777453858039,0.9992713969026629,0.9961547851562559
IMG_6542-3,TAFE_spatial,853,57,176,64450,0.7854511970731628,0.879834966483763,0.9373626373695206,0.8289601555073896,0.9991163749670592,0.9964447021484429
IMG_6542-3,TAFE_full,753,29,276,64478,0.7117202268703477,0.8315847598105144,0.9629156010277602,0.7317784256820429,0.9995504363867495,0.9953460693359446
IMG_6542-4,Otsu,2707,4900,97,57832,0.3513759086273186,0.5200268946352893,0.35585644801688104,0.965406562055442,0.9218899445260443,0.9237518310548039
IMG_6542-4,Adaptive,2559,21359,245,41373,0.10590572363073332,0.1915275802739633,0.10699055105315247,0.9126248216864257,0.6595198622717919,0.670349121094253
IMG_6542-4,Canny,1507,3851,1297,58881,0.2264462810033592,0.3692722372044931,0.28126166481371295,0.5374465050093636,0.93861187272853,0.9214477539063699
IMG_6542-4,Blackhat,2233,409,571,62323,0.6949891067633056,0.8200514138850523,0.8451930355849662,0.796362339522241,0.9934802014920718,0.9850463867187729
IMG_6542-4,UNet_no_TAFE,2599,619,205,62113,0.7592754893438716,0.863168382599416,0.8076444996952254,0.926890156921295,0.9901326276860452,0.9874267578125192
IMG_6542-4,TAFE_channel,1745,36,1059,62696,0.6144366197318861,0.7611777535493746,0.9797866367220782,0.6223252496568358,0.9994261302046812,0.983291625976588
IMG_6542-4,TAFE_spatial,2373,111,431,62621,0.8140651801092945,0.8975037821501984,0.9553140096636347,0.8462910128442834,0.9982305681311002,0.9917297363281377
IMG_6542-4,TAFE_full,1628,31,1176,62701,0.5742504409321253,0.729554111590196,0.9813140446063102,0.5805991440948431,0.9995058343429198,0.9815826416015906
IMG_6542-5,Otsu,1302,26136,13,38085,0.04742996612492285,0.09056446284182323,0.04745243822783202,0.9901140684418164,0.5930303171866009,0.6009979248052963
IMG_6542-5,Adaptive,1268,18988,47,45233,0.062453824562564875,0.11756524964481217,0.062598736181563,0.9642585551357978,0.7043334734748691,0.7095489501957557
IMG_6542-5,Canny,1110,1223,205,62998,0.43735224588505317,0.6085526315896779,0.47578225463027085,0.8441064638901821,0.9809563849831349,0.9782104492187832
IMG_6542-5,Blackhat,1214,384,101,63837,0.7145379635247476,0.8335049776919498,0.759699624545701,0.9231939163556506,0.9940206474517774,0.9925994873046988
IMG_6542-5,UNet_no_TAFE,1263,726,52,63495,0.6188143067310723,0.7645278450434465,0.6349924585402216,0.9604562737672657,0.9886952865885167,0.9881286621093931
IMG_6542-5,TAFE_channel,803,13,512,64208,0.604668674728564,0.7536367902508853,0.9840686274529328,0.6106463878623082,0.9997975740022738,0.9919891357421997
IMG_6542-5,TAFE_spatial,1110,75,205,64146,0.7985611510936287,0.88800000000448,0.9367088607648347,0.8441064638901821,0.9988321577054253,0.9957275390625066
IMG_6542-5,TAFE_full,850,18,465,64203,0.6376594148808957,0.7787448465515922,0.979262672813449,0.6463878327265103,0.999719717849302,0.9926300048828237
IMG_6542-7,Otsu,943,31449,1,33143,0.029111227737384275,0.05657547396491308,0.029112126453972854,0.9989406779662139,0.5131130790198274,0.5201110839851073
IMG_6542-7,Adaptive,938,18854,6,45738,0.047378523087951416,0.0904706790167319,0.04739288601936442,0.9936440677972834,0.7081062670304247,0.7122192382816891
IMG_6542-7,Canny,939,1505,5,63087,0.38342180484346994,0.5543093270497548,0.38420621933779847,0.9947033898310695,0.9766999009165582,0.9769592285156602
IMG_6542-7,Blackhat,922,579,22,64013,0.6053841103345118,0.7541922290489084,0.6142571619177709,0.976694915256706,0.9910360416150745,0.9908294677734515
IMG_6542-7,UNet_no_TAFE,926,1146,18,63446,0.44306220098358556,0.6140583554504623,0.4469111969378904,0.9809322033918504,0.9822578647510802,0.9822387695312771
IMG_6542-7,TAFE_channel,751,67,193,64525,0.742828882320195,0.8524404086349353,0.9180929095454654,0.7955508474792848,0.998962719841468,0.9960327148437561
IMG_6542-7,TAFE_spatial,847,142,97,64450,0.7799263351952185,0.8763579927637684,0.856420626910372,0.8972457627227494,0.9978015853356487,0.996353149414068
IMG_6542-7,TAFE_full,769,66,175,64526,0.7613861386374865,0.864530635195923,0.9209580838418014,0.8146186440874345,0.9989782016348789,0.9963226318359432
IMG_6544-1,Otsu,3139,14633,21,47743,0.17641769235555319,0.29992356201366366,0.17662615350452043,0.9933544303799572,0.7654065666285664,0.7763977050784662
IMG_6544-1,Adaptive,2954,22799,206,39577,0.1137948303127478,0.2043371493819239,0.11470508290640039,0.9348101265843415,0.6344908298069217,0.6489715576177232
IMG_6544-1,Canny,1350,18847,1810,43529,0.061344117784971404,0.1155970372945344,0.0668416101447401,0.4272151898915439,0.6978485314869536,0.6847991943364184
IMG_6544-1,Blackhat,3038,9098,122,53278,0.24783814652269667,0.397228033476744,0.25032959789675074,0.9613924050645128,0.8541426189562425,0.8593139648439647
IMG_6544-1,UNet_no_TAFE,3104,525,56,61851,0.8423337856216463,0.914420385919658,0.8553320473999633,0.982278481013219,0.9915833012697326,0.991134643554701
IMG_6544-1,TAFE_channel,2241,38,919,62338,0.7007504690525094,0.8240485383374876,0.983326020185023,0.7091772151990766,0.9993907913299996,0.9853973388672098
IMG_6544-1,TAFE_spatial,2981,182,179,62194,0.8919808497937768,0.9429068480160856,0.9424596901693816,0.9433544303815394,0.9970822111068406,0.9944915771484459
IMG_6544-1,TAFE_full,2206,25,954,62351,0.6926216640598862,0.8184010387716861,0.9887942626629854,0.6981012658323386,0.9995992048223682,0.9850616455078353
IMG_6544-2,Otsu,5441,6039,213,53843,0.4653211323059495,0.6351114742638315,0.47395470383733485,0.962327555713436,0.8991516649412191,0.9046020507813956
IMG_6544-2,Adaptive,4827,21824,827,38058,0.17566780697585097,0.2988391889822045,0.18111890736114547,0.8537318712441858,0.6355499148331125,0.6543731689458399
IMG_6544-2,Canny,2806,21890,2848,37992,0.10187336625362374,0.18490939044749616,0.11362163913543236,0.4962858153608722,0.6344477472368417,0.622528076172451
IMG_6544-2,Blackhat,4518,15335,1136,44547,0.21525561008521008,0.3542556945177628,0.22757265904786392,0.7990802971383254,0.7439130289573763,0.748672485351946
IMG_6544-2,UNet_no_TAFE,4868,340,786,59542,0.8121454788152795,0.8963358497523813,0.9347158218138495,0.8609833746045104,0.9943221669283018,0.9828186035156512
IMG_6544-2,TAFE_channel,4504,147,1150,59735,0.7764178589936835,0.8741387675897706,0.9683938937869621,0.796604174039678,0.9975451721719423,0.9802093505859677
IMG_6544-2,TAFE_spatial,4610,175,1044,59707,0.7908732201099524,0.8832263626795361,0.9634273772212449,0.8153519632151511,0.9970775859189789,0.9813995361328409
IMG_6544-2,TAFE_full,4101,73,1553,59809,0.7160817181820136,0.834554334556018,0.9825107810258144,0.7253272019857565,0.9987809358404883,0.9751892089844129
IMG_6544-3,Otsu,5413,3993,369,55761,0.5537595907974039,0.7127995786165868,0.5754837337914577,0.9361812521629854,0.9331760216890365,0.9334411621094766
IMG_6544-3,Adaptive,4732,21189,1050,38565,0.17544770309155963,0.29852064473614953,0.18255468539337774,0.8184019370491455,0.6453961241094397,0.6606597900395803
IMG_6544-3,Canny,1975,17415,3807,42339,0.08514031987289244,0.15692038773575034,0.10185662713201725,0.34157730890104504,0.7085550758113122,0.6761779785161192
IMG_6544-3,Blackhat,4122,16913,1660,42841,0.18162590879408844,0.3074169370201461,0.1959591157632709,0.7129021100015064,0.7169561870339777,0.7165985107426199
IMG_6544-3,UNet_no_TAFE,5369,272,413,59482,0.8868516683203361,0.9400332662178059,0.951781599008123,0.928571428572664,0.9954480034809461,0.9895477294922035
IMG_6544-3,TAFE_channel,5269,126,513,59628,0.891841570753354,0.9428290238888536,0.9766450417057155,0.9112763749582968,0.9978913545536736,0.9902496337890774
IMG_6544-3,TAFE_spatial,5242,101,540,59653,0.8910419853834601,0.9423820224724281,0.9810967621190138,0.9066067104824177,0.9983097365866749,0.9902191162109524
IMG_6544-3,TAFE_full,4988,55,794,59699,0.8545485694731103,0.9215704387998007,0.9890937933771744,0.8626772743019253,0.9990795595273972,0.9870452880859573
IMG_6544-4,Otsu,8738,3469,1912,51417,0.6188823571101432,0.7645797786246463,0.7158187924984368,0.8204694835697609,0.9367962686296382,0.9178924560548127
IMG_6544-4,Adaptive,7234,18999,3416,35887,0.2439879928522244,0.39226744028578947,0.27575953951406335,0.6792488262940914,0.6538461538467846,0.6579742431645844
IMG_6544-4,Canny,4791,16925,5859,37961,0.1737443336385358,0.29605141197770485,0.22062074047144675,0.44985915493474304,0.6916335677591888,0.6523437500005305
IMG_6544-4,Blackhat,5760,12333,4890,42553,0.2506200234988878,0.40079323661621685,0.3183551649846993,0.5408450704268465,0.7752978901727666,0.7371978759769635
IMG_6544-4,UNet_no_TAFE,6983,365,3667,54521,0.633953699504004,0.7759751083466164,0.9503266194889721,0.6556807511769419,0.9933498524213946,0.9384765625000939
IMG_6544-4,TAFE_channel,3740,33,6910,54853,0.3500889263376384,0.5186160992892004,0.9912536443151007,0.35117370892628,0.9993987537805644,0.8940582275392241
IMG_6544-4,TAFE_spatial,6400,114,4250,54772,0.5945745076217523,0.7457469121431732,0.9824992324227433,0.6009389671398973,0.9979229676055863,0.9334106445313516
IMG_6544-4,TAFE_full,3432,21,7218,54865,0.32161934214861193,0.48670495639589656,0.9939183318854933,0.32225352113312433,0.99961738876945,0.889541625976731
